{"stats":{"minecraft:used":{"minecraft:stone_sword":26,"minecraft:chest":3,"minecraft:iron_sword":48,"minecraft:rotten_flesh":10,"minecraft:torch":20,"minecraft:dirt":21,"minecraft:mutton":1,"minecraft:cocoa_beans":48,"minecraft:tuff":2,"minecraft:wooden_axe":82,"minecraft:jungle_log":1,"minecraft:iron_boots":1,"minecraft:furnace":3,"minecraft:oak_sapling":1,"minecraft:cooked_cod":1,"minecraft:cobbled_deepslate":22,"minecraft:wheat_seeds":6,"minecraft:diorite":6,"minecraft:stone_pickaxe":726,"minecraft:oak_planks":3,"minecraft:wooden_pickaxe":212,"minecraft:sand":1,"minecraft:crafting_table":5,"minecraft:spider_eye":1,"minecraft:wooden_hoe":6,"minecraft:apple":1,"minecraft:melon_slice":3,"minecraft:iron_pickaxe":412,"minecraft:gravel":6,"minecraft:stone_axe":106,"minecraft:wooden_sword":211,"minecraft:cobblestone":26,"minecraft:andesite":1},"minecraft:crafted":{"minecraft:wooden_sword":5,"minecraft:oak_planks":104,"minecraft:furnace":3,"minecraft:bamboo_block":2,"minecraft:iron_boots":1,"minecraft:stone_pickaxe":9,"minecraft:chest":3,"minecraft:crafting_table":5,"minecraft:wooden_pickaxe":7,"minecraft:iron_sword":1,"minecraft:copper_ingot":64,"minecraft:stone_axe":2,"minecraft:air":0,"minecraft:jungle_planks":180,"minecraft:bamboo_planks":4,"minecraft:iron_chestplate":1,"minecraft:wooden_hoe":1,"minecraft:charcoal":36,"minecraft:stick":104,"minecraft:iron_ingot":57,"minecraft:iron_pickaxe":5,"minecraft:wooden_axe":2,"minecraft:stone_sword":1,"minecraft:iron_leggings":1,"minecraft:torch":68,"minecraft:shears":2},"minecraft:custom":{"minecraft:mob_kills":35,"minecraft:interact_with_crafting_table":44,"minecraft:leave_game":2,"minecraft:time_since_death":13208,"minecraft:climb_one_cm":52425,"minecraft:sprint_one_cm":512038,"minecraft:walk_one_cm":617077,"minecraft:drop":3,"minecraft:talked_to_villager":1,"minecraft:play_time":229224,"minecraft:deaths":21,"minecraft:sneak_time":3655,"minecraft:walk_under_water_one_cm":50845,"minecraft:jump":3152,"minecraft:walk_on_water_one_cm":40924,"minecraft:total_world_time":229224,"minecraft:interact_with_furnace":28,"minecraft:time_since_rest":13233,"minecraft:damage_taken":5455,"minecraft:damage_dealt":5806,"minecraft:fly_one_cm":165099,"minecraft:swim_one_cm":48052,"minecraft:open_chest":32,"minecraft:crouch_one_cm":5449,"minecraft:fall_one_cm":59545},"minecraft:mined":{"minecraft:tuff":60,"minecraft:deepslate_diamond_ore":3,"minecraft:jungle_leaves":9,"minecraft:cave_vines_plant":11,"minecraft:granite":31,"minecraft:grass_block":4,"minecraft:jungle_log":108,"minecraft:moss_block":3,"minecraft:kelp":6,"minecraft:iron_ore":51,"minecraft:cobbled_deepslate":1,"minecraft:andesite":68,"minecraft:deepslate_lapis_ore":5,"minecraft:big_dripleaf_stem":1,"minecraft:cave_vines":10,"minecraft:vine":40,"minecraft:deepslate_iron_ore":33,"minecraft:bamboo":2,"minecraft:stone":412,"minecraft:deepslate_redstone_ore":19,"minecraft:flowering_azalea":2,"minecraft:kelp_plant":7,"minecraft:clay":1,"minecraft:crafting_table":1,"minecraft:melon":2,"minecraft:tall_grass":4,"minecraft:copper_ore":35,"minecraft:cobblestone":3,"minecraft:lapis_ore":4,"minecraft:deepslate_gold_ore":5,"minecraft:diorite":43,"minecraft:wall_torch":3,"minecraft:big_dripleaf":1,"minecraft:deepslate_copper_ore":2,"minecraft:seagrass":1,"minecraft:grass":100,"minecraft:coal_ore":71,"minecraft:oak_log":35,"minecraft:cocoa":42,"minecraft:gravel":14,"minecraft:sand":1,"minecraft:dirt":21,"minecraft:oak_leaves":29,"minecraft:deepslate":379,"minecraft:fern":32},"minecraft:dropped":{"minecraft:mutton":1,"minecraft:wooden_sword":1,"minecraft:stone_sword":1},"minecraft:killed_by":{"minecraft:creeper":2,"minecraft:skeleton":11,"minecraft:zombie":2},"minecraft:killed":{"minecraft:spider":7,"minecraft:cod":4,"minecraft:skeleton":3,"minecraft:tropical_fish":2,"minecraft:zombie_villager":1,"minecraft:wandering_trader":1,"minecraft:sheep":2,"minecraft:zombie":14},"minecraft:broken":{"minecraft:wooden_pickaxe":3,"minecraft:stone_pickaxe":4,"minecraft:wooden_sword":1},"minecraft:picked_up":{"minecraft:wooden_axe":8,"minecraft:charcoal":25,"minecraft:cocoa_beans":182,"minecraft:iron_chestplate":2,"minecraft:crafting_table":1,"minecraft:clay_ball":4,"minecraft:lead":2,"minecraft:wooden_pickaxe":2,"minecraft:string":12,"minecraft:raw_copper":290,"minecraft:wooden_sword":12,"minecraft:iron_leggings":2,"minecraft:cobbled_deepslate":663,"minecraft:jungle_sapling":16,"minecraft:iron_pickaxe":4,"minecraft:melon_slice":4,"minecraft:iron_boots":2,"minecraft:raw_iron":115,"minecraft:stick":45,"minecraft:big_dripleaf":4,"minecraft:copper_ingot":28,"minecraft:torch":140,"minecraft:diorite":96,"minecraft:redstone":132,"minecraft:stone_sword":3,"minecraft:arrow":11,"minecraft:rotten_flesh":20,"minecraft:tropical_fish":4,"minecraft:glow_berries":16,"minecraft:mutton":4,"minecraft:cod":7,"minecraft:white_wool":3,"minecraft:cobblestone":831,"minecraft:jungle_log":154,"minecraft:andesite":160,"minecraft:flint":4,"minecraft:tuff":139,"minecraft:oak_log":74,"minecraft:lapis_lazuli":104,"minecraft:wooden_hoe":2,"minecraft:dirt":115,"minecraft:bone":6,"minecraft:apple":3,"minecraft:kelp":44,"minecraft:wheat_seeds":12,"minecraft:raw_gold":10,"minecraft:stone_pickaxe":11,"minecraft:iron_ingot":25,"minecraft:bamboo":31,"minecraft:moss_block":1,"minecraft:flowering_azalea":2,"minecraft:oak_planks":28,"minecraft:iron_sword":2,"minecraft:gravel":24,"minecraft:jungle_planks":462,"minecraft:sand":1,"minecraft:spider_eye":4,"minecraft:diamond":5,"minecraft:stone_axe":5,"minecraft:granite":46,"minecraft:oak_sapling":2,"minecraft:black_wool":1,"minecraft:coal":292}},"DataVersion":3465}