{"stats":{"minecraft:used":{"minecraft:stone_pickaxe":460,"minecraft:chest":3,"minecraft:wooden_pickaxe":123,"minecraft:iron_sword":48,"minecraft:rotten_flesh":4,"minecraft:torch":13,"minecraft:dirt":8,"minecraft:crafting_table":4,"minecraft:spider_eye":1,"minecraft:tuff":1,"minecraft:wooden_axe":82,"minecraft:apple":1,"minecraft:melon_slice":3,"minecraft:iron_pickaxe":94,"minecraft:iron_boots":1,"minecraft:wooden_sword":121,"minecraft:cobblestone":13,"minecraft:furnace":1,"minecraft:andesite":1,"minecraft:cobbled_deepslate":3},"minecraft:crafted":{"minecraft:wooden_sword":3,"minecraft:oak_planks":20,"minecraft:crafting_table":4,"minecraft:wooden_pickaxe":3,"minecraft:iron_sword":1,"minecraft:furnace":1,"minecraft:copper_ingot":64,"minecraft:air":0,"minecraft:jungle_planks":128,"minecraft:bamboo_block":2,"minecraft:bamboo_planks":4,"minecraft:iron_boots":1,"minecraft:iron_chestplate":1,"minecraft:stick":56,"minecraft:iron_ingot":42,"minecraft:iron_pickaxe":3,"minecraft:stone_pickaxe":6,"minecraft:wooden_axe":2,"minecraft:chest":3,"minecraft:iron_leggings":1,"minecraft:torch":16,"minecraft:shears":1},"minecraft:custom":{"minecraft:interact_with_furnace":9,"minecraft:mob_kills":19,"minecraft:interact_with_crafting_table":14,"minecraft:leave_game":2,"minecraft:time_since_death":6450,"minecraft:climb_one_cm":17941,"minecraft:time_since_rest":6488,"minecraft:sprint_one_cm":220007,"minecraft:damage_taken":3685,"minecraft:walk_one_cm":411760,"minecraft:drop":1,"minecraft:damage_dealt":3616,"minecraft:swim_one_cm":14427,"minecraft:talked_to_villager":1,"minecraft:fly_one_cm":66543,"minecraft:open_chest":12,"minecraft:play_time":133224,"minecraft:crouch_one_cm":3416,"minecraft:sneak_time":2375,"minecraft:deaths":13,"minecraft:walk_under_water_one_cm":23099,"minecraft:jump":1706,"minecraft:walk_on_water_one_cm":17819,"minecraft:total_world_time":133224,"minecraft:fall_one_cm":35813},"minecraft:mined":{"minecraft:deepslate_redstone_ore":6,"minecraft:tuff":60,"minecraft:kelp_plant":2,"minecraft:jungle_leaves":7,"minecraft:granite":1,"minecraft:grass_block":4,"minecraft:melon":2,"minecraft:jungle_log":58,"minecraft:copper_ore":33,"minecraft:cobblestone":1,"minecraft:lapis_ore":4,"minecraft:kelp":3,"minecraft:diorite":17,"minecraft:wall_torch":2,"minecraft:seagrass":1,"minecraft:iron_ore":37,"minecraft:andesite":31,"minecraft:deepslate_lapis_ore":5,"minecraft:grass":8,"minecraft:oak_log":2,"minecraft:coal_ore":62,"minecraft:cocoa":3,"minecraft:deepslate_iron_ore":6,"minecraft:vine":14,"minecraft:gravel":7,"minecraft:dirt":6,"minecraft:bamboo":2,"minecraft:stone":132,"minecraft:oak_leaves":2,"minecraft:deepslate":220,"minecraft:fern":1},"minecraft:dropped":{"minecraft:wooden_sword":1},"minecraft:killed_by":{"minecraft:skeleton":8,"minecraft:creeper":1,"minecraft:zombie":1},"minecraft:killed":{"minecraft:spider":5,"minecraft:wandering_trader":1,"minecraft:skeleton":3,"minecraft:zombie":10},"minecraft:broken":{"minecraft:stone_pickaxe":2,"minecraft:wooden_sword":1,"minecraft:wooden_pickaxe":2},"minecraft:picked_up":{"minecraft:wooden_axe":8,"minecraft:cocoa_beans":21,"minecraft:iron_chestplate":2,"minecraft:andesite":114,"minecraft:jungle_log":69,"minecraft:lead":2,"minecraft:wooden_pickaxe":2,"minecraft:flint":3,"minecraft:tuff":139,"minecraft:oak_log":5,"minecraft:lapis_lazuli":104,"minecraft:dirt":73,"minecraft:string":7,"minecraft:raw_copper":254,"minecraft:wooden_sword":11,"minecraft:iron_leggings":2,"minecraft:bone":6,"minecraft:apple":3,"minecraft:kelp":30,"minecraft:wheat_seeds":1,"minecraft:cobbled_deepslate":345,"minecraft:iron_ingot":22,"minecraft:stone_pickaxe":10,"minecraft:jungle_sapling":3,"minecraft:iron_pickaxe":4,"minecraft:bamboo":31,"minecraft:melon_slice":4,"minecraft:iron_sword":2,"minecraft:oak_planks":20,"minecraft:iron_boots":2,"minecraft:stick":35,"minecraft:raw_iron":74,"minecraft:copper_ingot":28,"minecraft:torch":87,"minecraft:gravel":18,"minecraft:jungle_planks":452,"minecraft:diorite":70,"minecraft:redstone":26,"minecraft:spider_eye":3,"minecraft:arrow":11,"minecraft:rotten_flesh":15,"minecraft:granite":3,"minecraft:oak_sapling":1,"minecraft:coal":284,"minecraft:cobblestone":474}},"DataVersion":3465}