{"stats":{"minecraft:used":{"minecraft:stone_pickaxe":378,"minecraft:chest":3,"minecraft:wooden_pickaxe":47,"minecraft:iron_sword":48,"minecraft:torch":11,"minecraft:dirt":8,"minecraft:crafting_table":3,"minecraft:wooden_axe":82,"minecraft:melon_slice":3,"minecraft:iron_pickaxe":70,"minecraft:iron_boots":1,"minecraft:wooden_sword":121,"minecraft:cobblestone":3,"minecraft:furnace":1,"minecraft:andesite":1},"minecraft:crafted":{"minecraft:wooden_sword":3,"minecraft:crafting_table":3,"minecraft:wooden_pickaxe":2,"minecraft:iron_sword":1,"minecraft:furnace":1,"minecraft:copper_ingot":64,"minecraft:air":0,"minecraft:jungle_planks":128,"minecraft:bamboo_block":2,"minecraft:bamboo_planks":4,"minecraft:iron_boots":1,"minecraft:iron_chestplate":1,"minecraft:stick":40,"minecraft:iron_ingot":37,"minecraft:iron_pickaxe":2,"minecraft:stone_pickaxe":5,"minecraft:wooden_axe":2,"minecraft:chest":3,"minecraft:iron_leggings":1,"minecraft:torch":16,"minecraft:shears":1},"minecraft:custom":{"minecraft:interact_with_furnace":6,"minecraft:mob_kills":14,"minecraft:interact_with_crafting_table":10,"minecraft:leave_game":1,"minecraft:time_since_death":13479,"minecraft:climb_one_cm":14539,"minecraft:time_since_rest":13511,"minecraft:sprint_one_cm":68075,"minecraft:damage_taken":2300,"minecraft:walk_one_cm":177525,"minecraft:drop":1,"minecraft:damage_dealt":2423,"minecraft:swim_one_cm":13562,"minecraft:talked_to_villager":1,"minecraft:fly_one_cm":25459,"minecraft:open_chest":8,"minecraft:crouch_one_cm":2741,"minecraft:play_time":77406,"minecraft:sneak_time":1850,"minecraft:deaths":8,"minecraft:walk_under_water_one_cm":15498,"minecraft:jump":719,"minecraft:walk_on_water_one_cm":11718,"minecraft:total_world_time":77406,"minecraft:fall_one_cm":17932},"minecraft:mined":{"minecraft:deepslate_redstone_ore":6,"minecraft:tuff":29,"minecraft:kelp_plant":2,"minecraft:jungle_leaves":7,"minecraft:granite":1,"minecraft:grass_block":4,"minecraft:melon":2,"minecraft:jungle_log":58,"minecraft:copper_ore":33,"minecraft:lapis_ore":4,"minecraft:kelp":3,"minecraft:diorite":17,"minecraft:seagrass":1,"minecraft:iron_ore":37,"minecraft:andesite":31,"minecraft:deepslate_lapis_ore":5,"minecraft:grass":7,"minecraft:coal_ore":62,"minecraft:deepslate_iron_ore":1,"minecraft:cocoa":3,"minecraft:vine":14,"minecraft:dirt":6,"minecraft:bamboo":2,"minecraft:stone":128,"minecraft:oak_leaves":2,"minecraft:deepslate":141,"minecraft:fern":1},"minecraft:dropped":{"minecraft:wooden_sword":1},"minecraft:killed_by":{"minecraft:skeleton":6,"minecraft:creeper":1},"minecraft:killed":{"minecraft:spider":4,"minecraft:wandering_trader":1,"minecraft:skeleton":3,"minecraft:zombie":6},"minecraft:broken":{"minecraft:stone_pickaxe":2,"minecraft:wooden_sword":1},"minecraft:picked_up":{"minecraft:wooden_axe":8,"minecraft:cocoa_beans":9,"minecraft:iron_chestplate":2,"minecraft:andesite":102,"minecraft:jungle_log":69,"minecraft:lead":2,"minecraft:tuff":28,"minecraft:lapis_lazuli":52,"minecraft:dirt":58,"minecraft:string":4,"minecraft:raw_copper":254,"minecraft:wooden_sword":11,"minecraft:iron_leggings":2,"minecraft:bone":6,"minecraft:apple":2,"minecraft:kelp":20,"minecraft:wheat_seeds":1,"minecraft:cobbled_deepslate":150,"minecraft:iron_ingot":20,"minecraft:stone_pickaxe":8,"minecraft:jungle_sapling":1,"minecraft:iron_pickaxe":4,"minecraft:bamboo":31,"minecraft:melon_slice":4,"minecraft:iron_sword":2,"minecraft:iron_boots":2,"minecraft:stick":23,"minecraft:raw_iron":64,"minecraft:torch":85,"minecraft:jungle_planks":452,"minecraft:diorite":36,"minecraft:redstone":26,"minecraft:spider_eye":1,"minecraft:rotten_flesh":5,"minecraft:arrow":5,"minecraft:granite":3,"minecraft:oak_sapling":1,"minecraft:coal":284,"minecraft:cobblestone":332}},"DataVersion":3465}