{"stats":{"minecraft:killed_by":{"minecraft:skeleton":3},"minecraft:killed":{"minecraft:skeleton":1,"minecraft:zombie":3},"minecraft:used":{"minecraft:wooden_axe":28,"minecraft:stone_pickaxe":27,"minecraft:chest":3,"minecraft:wooden_pickaxe":47,"minecraft:wooden_sword":76,"minecraft:crafting_table":3},"minecraft:crafted":{"minecraft:wooden_sword":2,"minecraft:crafting_table":3,"minecraft:stick":16,"minecraft:wooden_pickaxe":2,"minecraft:stone_pickaxe":1,"minecraft:wooden_axe":2,"minecraft:chest":3,"minecraft:torch":16,"minecraft:jungle_planks":128},"minecraft:mined":{"minecraft:seagrass":1,"minecraft:kelp_plant":2,"minecraft:iron_ore":2,"minecraft:jungle_leaves":5,"minecraft:grass":1,"minecraft:coal_ore":58,"minecraft:vine":2,"minecraft:cocoa":2,"minecraft:jungle_log":32,"minecraft:lapis_ore":4,"minecraft:stone":10,"minecraft:kelp":3},"minecraft:picked_up":{"minecraft:wooden_axe":3,"minecraft:cocoa_beans":6,"minecraft:raw_iron":2,"minecraft:jungle_log":32,"minecraft:torch":16,"minecraft:jungle_planks":204,"minecraft:lapis_lazuli":26,"minecraft:dirt":2,"minecraft:wooden_sword":4,"minecraft:rotten_flesh":2,"minecraft:kelp":2,"minecraft:stone_pickaxe":1,"minecraft:jungle_sapling":1,"minecraft:coal":112,"minecraft:cobblestone":22},"minecraft:custom":{"minecraft:time_since_rest":2184,"minecraft:sprint_one_cm":16130,"minecraft:damage_taken":1035,"minecraft:walk_one_cm":32897,"minecraft:mob_kills":4,"minecraft:damage_dealt":811,"minecraft:swim_one_cm":6409,"minecraft:interact_with_crafting_table":5,"minecraft:fly_one_cm":8694,"minecraft:open_chest":2,"minecraft:crouch_one_cm":420,"minecraft:deaths":3,"minecraft:play_time":24935,"minecraft:sneak_time":602,"minecraft:walk_under_water_one_cm":9193,"minecraft:jump":198,"minecraft:time_since_death":2146,"minecraft:walk_on_water_one_cm":6466,"minecraft:climb_one_cm":5407,"minecraft:total_world_time":24935,"minecraft:fall_one_cm":6190}},"DataVersion":3465}