{"stats":{"minecraft:used":{"minecraft:diorite":6,"minecraft:stone_pickaxe":516,"minecraft:chest":3,"minecraft:wooden_pickaxe":126,"minecraft:iron_sword":48,"minecraft:rotten_flesh":10,"minecraft:mutton":1,"minecraft:cocoa_beans":16,"minecraft:torch":13,"minecraft:sand":1,"minecraft:dirt":21,"minecraft:crafting_table":5,"minecraft:spider_eye":1,"minecraft:tuff":2,"minecraft:wooden_axe":82,"minecraft:apple":1,"minecraft:melon_slice":3,"minecraft:iron_pickaxe":412,"minecraft:iron_boots":1,"minecraft:gravel":6,"minecraft:wooden_sword":155,"minecraft:cobblestone":26,"minecraft:furnace":2,"minecraft:andesite":1,"minecraft:cobbled_deepslate":22},"minecraft:crafted":{"minecraft:wooden_sword":4,"minecraft:oak_planks":44,"minecraft:crafting_table":5,"minecraft:wooden_pickaxe":4,"minecraft:iron_sword":1,"minecraft:furnace":2,"minecraft:copper_ingot":64,"minecraft:air":0,"minecraft:jungle_planks":128,"minecraft:bamboo_block":2,"minecraft:bamboo_planks":4,"minecraft:iron_boots":1,"minecraft:iron_chestplate":1,"minecraft:stick":64,"minecraft:iron_ingot":57,"minecraft:iron_pickaxe":5,"minecraft:stone_pickaxe":6,"minecraft:wooden_axe":2,"minecraft:chest":3,"minecraft:iron_leggings":1,"minecraft:torch":16,"minecraft:shears":2},"minecraft:custom":{"minecraft:interact_with_furnace":16,"minecraft:mob_kills":25,"minecraft:interact_with_crafting_table":23,"minecraft:leave_game":2,"minecraft:time_since_death":521,"minecraft:climb_one_cm":28589,"minecraft:time_since_rest":562,"minecraft:sprint_one_cm":368348,"minecraft:damage_taken":4180,"minecraft:walk_one_cm":529051,"minecraft:drop":2,"minecraft:damage_dealt":4612,"minecraft:swim_one_cm":25973,"minecraft:talked_to_villager":1,"minecraft:fly_one_cm":118391,"minecraft:open_chest":21,"minecraft:play_time":181224,"minecraft:crouch_one_cm":4455,"minecraft:sneak_time":3020,"minecraft:deaths":16,"minecraft:walk_under_water_one_cm":41663,"minecraft:jump":2458,"minecraft:walk_on_water_one_cm":32274,"minecraft:total_world_time":181224,"minecraft:fall_one_cm":44920},"minecraft:mined":{"minecraft:deepslate_redstone_ore":19,"minecraft:tuff":60,"minecraft:deepslate_diamond_ore":3,"minecraft:kelp_plant":7,"minecraft:jungle_leaves":7,"minecraft:crafting_table":1,"minecraft:granite":14,"minecraft:grass_block":4,"minecraft:melon":2,"minecraft:jungle_log":58,"minecraft:copper_ore":35,"minecraft:cobblestone":3,"minecraft:deepslate_gold_ore":5,"minecraft:lapis_ore":4,"minecraft:kelp":3,"minecraft:diorite":35,"minecraft:wall_torch":2,"minecraft:deepslate_copper_ore":2,"minecraft:seagrass":1,"minecraft:cobbled_deepslate":1,"minecraft:iron_ore":37,"minecraft:andesite":43,"minecraft:deepslate_lapis_ore":5,"minecraft:grass":14,"minecraft:oak_log":8,"minecraft:coal_ore":62,"minecraft:cocoa":14,"minecraft:deepslate_iron_ore":33,"minecraft:vine":26,"minecraft:gravel":14,"minecraft:sand":1,"minecraft:dirt":14,"minecraft:bamboo":2,"minecraft:stone":233,"minecraft:oak_leaves":5,"minecraft:deepslate":376,"minecraft:fern":2},"minecraft:dropped":{"minecraft:mutton":1,"minecraft:wooden_sword":1},"minecraft:killed_by":{"minecraft:skeleton":9,"minecraft:creeper":1,"minecraft:zombie":2},"minecraft:killed":{"minecraft:zombie_villager":1,"minecraft:spider":6,"minecraft:wandering_trader":1,"minecraft:sheep":2,"minecraft:skeleton":3,"minecraft:zombie":11},"minecraft:broken":{"minecraft:stone_pickaxe":3,"minecraft:wooden_sword":1,"minecraft:wooden_pickaxe":2},"minecraft:picked_up":{"minecraft:wooden_axe":8,"minecraft:crafting_table":1,"minecraft:cocoa_beans":70,"minecraft:iron_chestplate":2,"minecraft:andesite":135,"minecraft:jungle_log":69,"minecraft:lead":2,"minecraft:wooden_pickaxe":2,"minecraft:flint":4,"minecraft:tuff":139,"minecraft:oak_log":11,"minecraft:lapis_lazuli":104,"minecraft:dirt":81,"minecraft:string":10,"minecraft:raw_copper":290,"minecraft:wooden_sword":11,"minecraft:iron_leggings":2,"minecraft:bone":6,"minecraft:apple":3,"minecraft:kelp":40,"minecraft:wheat_seeds":1,"minecraft:cobbled_deepslate":567,"minecraft:raw_gold":10,"minecraft:iron_ingot":25,"minecraft:stone_pickaxe":10,"minecraft:jungle_sapling":3,"minecraft:iron_pickaxe":4,"minecraft:bamboo":31,"minecraft:melon_slice":4,"minecraft:iron_sword":2,"minecraft:oak_planks":20,"minecraft:iron_boots":2,"minecraft:stick":37,"minecraft:raw_iron":101,"minecraft:copper_ingot":28,"minecraft:torch":87,"minecraft:gravel":24,"minecraft:sand":1,"minecraft:jungle_planks":452,"minecraft:diorite":88,"minecraft:redstone":132,"minecraft:spider_eye":4,"minecraft:arrow":11,"minecraft:rotten_flesh":19,"minecraft:diamond":5,"minecraft:granite":29,"minecraft:oak_sapling":1,"minecraft:mutton":4,"minecraft:black_wool":1,"minecraft:coal":284,"minecraft:white_wool":3,"minecraft:cobblestone":629}},"DataVersion":3465}