{"stats":{"minecraft:used":{"minecraft:wooden_axe":28,"minecraft:crafting_table":1},"minecraft:crafted":{"minecraft:wooden_sword":2,"minecraft:crafting_table":1,"minecraft:stick":12,"minecraft:wooden_pickaxe":2,"minecraft:jungle_planks":32,"minecraft:wooden_axe":2},"minecraft:mined":{"minecraft:grass":1,"minecraft:cocoa":2,"minecraft:vine":2,"minecraft:jungle_log":32},"minecraft:picked_up":{"minecraft:cocoa_beans":6,"minecraft:jungle_log":26},"minecraft:custom":{"minecraft:time_since_rest":12935,"minecraft:crouch_one_cm":252,"minecraft:play_time":12935,"minecraft:damage_taken":40,"minecraft:walk_one_cm":11448,"minecraft:sneak_time":404,"minecraft:jump":44,"minecraft:time_since_death":12935,"minecraft:total_world_time":12935,"minecraft:climb_one_cm":2044,"minecraft:interact_with_crafting_table":1,"minecraft:fall_one_cm":1255,"minecraft:fly_one_cm":26}},"DataVersion":3465}