{"stats":{"minecraft:used":{"minecraft:diorite":6,"minecraft:stone_pickaxe":516,"minecraft:chest":3,"minecraft:wooden_pickaxe":123,"minecraft:iron_sword":48,"minecraft:rotten_flesh":8,"minecraft:cocoa_beans":16,"minecraft:torch":13,"minecraft:sand":1,"minecraft:dirt":21,"minecraft:crafting_table":4,"minecraft:spider_eye":1,"minecraft:tuff":2,"minecraft:wooden_axe":82,"minecraft:apple":1,"minecraft:melon_slice":3,"minecraft:iron_pickaxe":409,"minecraft:iron_boots":1,"minecraft:gravel":6,"minecraft:wooden_sword":121,"minecraft:cobblestone":26,"minecraft:furnace":2,"minecraft:andesite":1,"minecraft:cobbled_deepslate":4},"minecraft:crafted":{"minecraft:wooden_sword":3,"minecraft:oak_planks":44,"minecraft:crafting_table":4,"minecraft:wooden_pickaxe":3,"minecraft:iron_sword":1,"minecraft:furnace":2,"minecraft:copper_ingot":64,"minecraft:air":0,"minecraft:jungle_planks":128,"minecraft:bamboo_block":2,"minecraft:bamboo_planks":4,"minecraft:iron_boots":1,"minecraft:iron_chestplate":1,"minecraft:stick":60,"minecraft:iron_ingot":57,"minecraft:iron_pickaxe":5,"minecraft:stone_pickaxe":6,"minecraft:wooden_axe":2,"minecraft:chest":3,"minecraft:iron_leggings":1,"minecraft:torch":16,"minecraft:shears":2},"minecraft:custom":{"minecraft:interact_with_furnace":14,"minecraft:mob_kills":22,"minecraft:interact_with_crafting_table":21,"minecraft:leave_game":2,"minecraft:time_since_death":11228,"minecraft:climb_one_cm":28589,"minecraft:time_since_rest":11256,"minecraft:sprint_one_cm":293156,"minecraft:damage_taken":3850,"minecraft:walk_one_cm":486016,"minecraft:drop":2,"minecraft:damage_dealt":4246,"minecraft:swim_one_cm":25839,"minecraft:talked_to_villager":1,"minecraft:fly_one_cm":92289,"minecraft:open_chest":21,"minecraft:play_time":169224,"minecraft:crouch_one_cm":4277,"minecraft:sneak_time":2992,"minecraft:deaths":14,"minecraft:walk_under_water_one_cm":40579,"minecraft:jump":2180,"minecraft:walk_on_water_one_cm":30660,"minecraft:total_world_time":169224,"minecraft:fall_one_cm":40942},"minecraft:mined":{"minecraft:deepslate_redstone_ore":19,"minecraft:tuff":60,"minecraft:deepslate_diamond_ore":2,"minecraft:kelp_plant":7,"minecraft:jungle_leaves":7,"minecraft:granite":14,"minecraft:grass_block":4,"minecraft:melon":2,"minecraft:jungle_log":58,"minecraft:copper_ore":35,"minecraft:cobblestone":1,"minecraft:deepslate_gold_ore":5,"minecraft:lapis_ore":4,"minecraft:kelp":3,"minecraft:diorite":35,"minecraft:wall_torch":2,"minecraft:deepslate_copper_ore":2,"minecraft:seagrass":1,"minecraft:iron_ore":37,"minecraft:andesite":43,"minecraft:deepslate_lapis_ore":5,"minecraft:grass":14,"minecraft:oak_log":8,"minecraft:coal_ore":62,"minecraft:cocoa":13,"minecraft:deepslate_iron_ore":33,"minecraft:vine":25,"minecraft:gravel":14,"minecraft:sand":1,"minecraft:dirt":14,"minecraft:bamboo":2,"minecraft:stone":233,"minecraft:oak_leaves":5,"minecraft:deepslate":375,"minecraft:fern":2},"minecraft:dropped":{"minecraft:mutton":1,"minecraft:wooden_sword":1},"minecraft:killed_by":{"minecraft:skeleton":8,"minecraft:creeper":1,"minecraft:zombie":1},"minecraft:killed":{"minecraft:spider":5,"minecraft:wandering_trader":1,"minecraft:sheep":2,"minecraft:skeleton":3,"minecraft:zombie":11},"minecraft:broken":{"minecraft:stone_pickaxe":3,"minecraft:wooden_sword":1,"minecraft:wooden_pickaxe":2},"minecraft:picked_up":{"minecraft:wooden_axe":8,"minecraft:cocoa_beans":67,"minecraft:iron_chestplate":2,"minecraft:andesite":135,"minecraft:jungle_log":69,"minecraft:lead":2,"minecraft:wooden_pickaxe":2,"minecraft:flint":4,"minecraft:tuff":139,"minecraft:oak_log":11,"minecraft:lapis_lazuli":104,"minecraft:dirt":81,"minecraft:string":8,"minecraft:raw_copper":290,"minecraft:wooden_sword":11,"minecraft:iron_leggings":2,"minecraft:bone":6,"minecraft:apple":3,"minecraft:kelp":40,"minecraft:wheat_seeds":1,"minecraft:cobbled_deepslate":563,"minecraft:raw_gold":10,"minecraft:iron_ingot":25,"minecraft:stone_pickaxe":10,"minecraft:jungle_sapling":3,"minecraft:iron_pickaxe":4,"minecraft:bamboo":31,"minecraft:melon_slice":4,"minecraft:iron_sword":2,"minecraft:oak_planks":20,"minecraft:iron_boots":2,"minecraft:stick":37,"minecraft:raw_iron":101,"minecraft:copper_ingot":28,"minecraft:torch":87,"minecraft:gravel":24,"minecraft:sand":1,"minecraft:jungle_planks":452,"minecraft:diorite":88,"minecraft:redstone":132,"minecraft:spider_eye":3,"minecraft:arrow":11,"minecraft:rotten_flesh":17,"minecraft:diamond":4,"minecraft:granite":29,"minecraft:oak_sapling":1,"minecraft:mutton":4,"minecraft:black_wool":1,"minecraft:coal":284,"minecraft:white_wool":3,"minecraft:cobblestone":627}},"DataVersion":3465}