{"stats":{"minecraft:used":{"minecraft:stone_pickaxe":460,"minecraft:chest":3,"minecraft:wooden_pickaxe":123,"minecraft:iron_sword":48,"minecraft:rotten_flesh":4,"minecraft:torch":13,"minecraft:dirt":8,"minecraft:crafting_table":3,"minecraft:spider_eye":1,"minecraft:tuff":1,"minecraft:wooden_axe":82,"minecraft:apple":1,"minecraft:melon_slice":3,"minecraft:iron_pickaxe":70,"minecraft:iron_boots":1,"minecraft:wooden_sword":121,"minecraft:cobblestone":13,"minecraft:furnace":1,"minecraft:andesite":1},"minecraft:crafted":{"minecraft:wooden_sword":3,"minecraft:oak_planks":20,"minecraft:crafting_table":3,"minecraft:wooden_pickaxe":3,"minecraft:iron_sword":1,"minecraft:furnace":1,"minecraft:copper_ingot":64,"minecraft:air":0,"minecraft:jungle_planks":128,"minecraft:bamboo_block":2,"minecraft:bamboo_planks":4,"minecraft:iron_boots":1,"minecraft:iron_chestplate":1,"minecraft:stick":52,"minecraft:iron_ingot":37,"minecraft:iron_pickaxe":2,"minecraft:stone_pickaxe":6,"minecraft:wooden_axe":2,"minecraft:chest":3,"minecraft:iron_leggings":1,"minecraft:torch":16,"minecraft:shears":1},"minecraft:custom":{"minecraft:interact_with_furnace":8,"minecraft:mob_kills":16,"minecraft:interact_with_crafting_table":12,"minecraft:leave_game":2,"minecraft:time_since_death":1175,"minecraft:climb_one_cm":17725,"minecraft:time_since_rest":1213,"minecraft:sprint_one_cm":185142,"minecraft:damage_taken":3230,"minecraft:walk_one_cm":368854,"minecraft:drop":1,"minecraft:damage_dealt":2854,"minecraft:swim_one_cm":14427,"minecraft:talked_to_villager":1,"minecraft:fly_one_cm":54824,"minecraft:open_chest":12,"minecraft:crouch_one_cm":3284,"minecraft:play_time":123669,"minecraft:sneak_time":1978,"minecraft:deaths":12,"minecraft:walk_under_water_one_cm":23099,"minecraft:jump":1542,"minecraft:walk_on_water_one_cm":17695,"minecraft:total_world_time":123669,"minecraft:fall_one_cm":29821},"minecraft:mined":{"minecraft:deepslate_redstone_ore":6,"minecraft:tuff":60,"minecraft:kelp_plant":2,"minecraft:jungle_leaves":7,"minecraft:granite":1,"minecraft:grass_block":4,"minecraft:melon":2,"minecraft:jungle_log":58,"minecraft:cobblestone":1,"minecraft:copper_ore":33,"minecraft:lapis_ore":4,"minecraft:kelp":3,"minecraft:diorite":17,"minecraft:wall_torch":2,"minecraft:seagrass":1,"minecraft:iron_ore":37,"minecraft:andesite":31,"minecraft:deepslate_lapis_ore":5,"minecraft:oak_log":2,"minecraft:grass":8,"minecraft:coal_ore":62,"minecraft:deepslate_iron_ore":6,"minecraft:cocoa":3,"minecraft:vine":14,"minecraft:gravel":7,"minecraft:dirt":6,"minecraft:bamboo":2,"minecraft:stone":132,"minecraft:oak_leaves":2,"minecraft:deepslate":220,"minecraft:fern":1},"minecraft:dropped":{"minecraft:wooden_sword":1},"minecraft:killed_by":{"minecraft:skeleton":8,"minecraft:creeper":1},"minecraft:killed":{"minecraft:spider":4,"minecraft:wandering_trader":1,"minecraft:skeleton":3,"minecraft:zombie":8},"minecraft:broken":{"minecraft:stone_pickaxe":2,"minecraft:wooden_sword":1,"minecraft:wooden_pickaxe":2},"minecraft:picked_up":{"minecraft:wooden_axe":8,"minecraft:cocoa_beans":21,"minecraft:iron_chestplate":2,"minecraft:andesite":114,"minecraft:jungle_log":69,"minecraft:lead":2,"minecraft:wooden_pickaxe":2,"minecraft:flint":3,"minecraft:tuff":138,"minecraft:oak_log":5,"minecraft:lapis_lazuli":104,"minecraft:dirt":68,"minecraft:string":6,"minecraft:raw_copper":254,"minecraft:wooden_sword":11,"minecraft:iron_leggings":2,"minecraft:bone":6,"minecraft:apple":3,"minecraft:kelp":30,"minecraft:wheat_seeds":1,"minecraft:cobbled_deepslate":334,"minecraft:iron_ingot":20,"minecraft:stone_pickaxe":9,"minecraft:jungle_sapling":3,"minecraft:iron_pickaxe":4,"minecraft:bamboo":31,"minecraft:melon_slice":4,"minecraft:oak_planks":11,"minecraft:iron_sword":2,"minecraft:iron_boots":2,"minecraft:stick":31,"minecraft:raw_iron":74,"minecraft:copper_ingot":28,"minecraft:torch":87,"minecraft:gravel":18,"minecraft:jungle_planks":452,"minecraft:diorite":70,"minecraft:redstone":26,"minecraft:spider_eye":3,"minecraft:rotten_flesh":13,"minecraft:arrow":11,"minecraft:granite":3,"minecraft:oak_sapling":1,"minecraft:coal":284,"minecraft:cobblestone":474}},"DataVersion":3465}