{"stats":{"minecraft:killed_by":{"minecraft:skeleton":6,"minecraft:creeper":1},"minecraft:killed":{"minecraft:spider":2,"minecraft:wandering_trader":1,"minecraft:skeleton":3,"minecraft:zombie":4},"minecraft:used":{"minecraft:stone_pickaxe":283,"minecraft:chest":3,"minecraft:wooden_pickaxe":47,"minecraft:iron_sword":48,"minecraft:torch":10,"minecraft:dirt":2,"minecraft:crafting_table":3,"minecraft:wooden_axe":82,"minecraft:melon_slice":3,"minecraft:iron_pickaxe":70,"minecraft:iron_boots":1,"minecraft:wooden_sword":96,"minecraft:cobblestone":3,"minecraft:furnace":1,"minecraft:andesite":1},"minecraft:broken":{"minecraft:stone_pickaxe":2},"minecraft:crafted":{"minecraft:wooden_sword":2,"minecraft:crafting_table":3,"minecraft:wooden_pickaxe":2,"minecraft:iron_sword":1,"minecraft:furnace":1,"minecraft:copper_ingot":50,"minecraft:air":0,"minecraft:jungle_planks":128,"minecraft:bamboo_block":2,"minecraft:bamboo_planks":4,"minecraft:iron_boots":1,"minecraft:iron_chestplate":1,"minecraft:stick":40,"minecraft:iron_ingot":37,"minecraft:iron_pickaxe":2,"minecraft:stone_pickaxe":5,"minecraft:wooden_axe":2,"minecraft:chest":3,"minecraft:iron_leggings":1,"minecraft:torch":16,"minecraft:shears":1},"minecraft:mined":{"minecraft:deepslate_redstone_ore":6,"minecraft:tuff":1,"minecraft:kelp_plant":2,"minecraft:jungle_leaves":7,"minecraft:granite":1,"minecraft:grass_block":4,"minecraft:melon":2,"minecraft:jungle_log":58,"minecraft:copper_ore":33,"minecraft:lapis_ore":4,"minecraft:kelp":3,"minecraft:diorite":17,"minecraft:seagrass":1,"minecraft:iron_ore":37,"minecraft:andesite":25,"minecraft:grass":7,"minecraft:coal_ore":62,"minecraft:cocoa":3,"minecraft:vine":14,"minecraft:dirt":4,"minecraft:bamboo":2,"minecraft:stone":122,"minecraft:oak_leaves":2,"minecraft:deepslate":92,"minecraft:fern":1},"minecraft:picked_up":{"minecraft:wooden_axe":8,"minecraft:cocoa_beans":9,"minecraft:iron_chestplate":2,"minecraft:jungle_log":69,"minecraft:andesite":96,"minecraft:lead":2,"minecraft:lapis_lazuli":26,"minecraft:string":2,"minecraft:dirt":56,"minecraft:raw_copper":254,"minecraft:wooden_sword":10,"minecraft:iron_leggings":2,"minecraft:bone":6,"minecraft:apple":2,"minecraft:kelp":20,"minecraft:wheat_seeds":1,"minecraft:cobbled_deepslate":107,"minecraft:iron_ingot":20,"minecraft:stone_pickaxe":8,"minecraft:jungle_sapling":1,"minecraft:iron_pickaxe":4,"minecraft:bamboo":31,"minecraft:melon_slice":4,"minecraft:iron_sword":2,"minecraft:iron_boots":2,"minecraft:stick":23,"minecraft:raw_iron":63,"minecraft:torch":85,"minecraft:jungle_planks":452,"minecraft:diorite":36,"minecraft:redstone":26,"minecraft:rotten_flesh":2,"minecraft:arrow":5,"minecraft:granite":3,"minecraft:oak_sapling":1,"minecraft:coal":284,"minecraft:cobblestone":326},"minecraft:custom":{"minecraft:interact_with_furnace":4,"minecraft:mob_kills":10,"minecraft:interact_with_crafting_table":10,"minecraft:time_since_death":12659,"minecraft:climb_one_cm":12877,"minecraft:time_since_rest":12692,"minecraft:sprint_one_cm":57934,"minecraft:damage_taken":1990,"minecraft:walk_one_cm":134936,"minecraft:damage_dealt":1754,"minecraft:talked_to_villager":1,"minecraft:swim_one_cm":13562,"minecraft:fly_one_cm":23162,"minecraft:open_chest":4,"minecraft:crouch_one_cm":915,"minecraft:play_time":60935,"minecraft:deaths":7,"minecraft:sneak_time":981,"minecraft:walk_under_water_one_cm":15247,"minecraft:jump":632,"minecraft:walk_on_water_one_cm":11163,"minecraft:total_world_time":60935,"minecraft:fall_one_cm":15556}},"DataVersion":3465}