{"stats":{"minecraft:killed_by":{"minecraft:skeleton":5},"minecraft:killed":{"minecraft:skeleton":2,"minecraft:zombie":3},"minecraft:used":{"minecraft:wooden_axe":28,"minecraft:stone_pickaxe":151,"minecraft:chest":3,"minecraft:wooden_pickaxe":47,"minecraft:torch":1,"minecraft:wooden_sword":96,"minecraft:cobblestone":3,"minecraft:crafting_table":3,"minecraft:furnace":1},"minecraft:crafted":{"minecraft:wooden_sword":2,"minecraft:crafting_table":3,"minecraft:stick":24,"minecraft:furnace":1,"minecraft:wooden_pickaxe":2,"minecraft:stone_pickaxe":5,"minecraft:wooden_axe":2,"minecraft:chest":3,"minecraft:torch":16,"minecraft:jungle_planks":128},"minecraft:mined":{"minecraft:seagrass":1,"minecraft:kelp_plant":2,"minecraft:iron_ore":27,"minecraft:jungle_leaves":5,"minecraft:andesite":15,"minecraft:grass":1,"minecraft:coal_ore":62,"minecraft:vine":2,"minecraft:cocoa":2,"minecraft:jungle_log":32,"minecraft:copper_ore":33,"minecraft:lapis_ore":4,"minecraft:stone":56,"minecraft:kelp":3,"minecraft:diorite":1},"minecraft:picked_up":{"minecraft:wooden_axe":6,"minecraft:cocoa_beans":6,"minecraft:raw_iron":53,"minecraft:andesite":43,"minecraft:jungle_log":32,"minecraft:torch":62,"minecraft:jungle_planks":340,"minecraft:diorite":3,"minecraft:lapis_lazuli":26,"minecraft:dirt":4,"minecraft:raw_copper":166,"minecraft:wooden_sword":8,"minecraft:bone":2,"minecraft:arrow":2,"minecraft:rotten_flesh":2,"minecraft:kelp":15,"minecraft:stone_pickaxe":3,"minecraft:jungle_sapling":1,"minecraft:coal":284,"minecraft:cobblestone":130},"minecraft:custom":{"minecraft:time_since_rest":6173,"minecraft:interact_with_furnace":1,"minecraft:sprint_one_cm":36281,"minecraft:damage_taken":1370,"minecraft:walk_one_cm":76476,"minecraft:mob_kills":5,"minecraft:damage_dealt":1010,"minecraft:swim_one_cm":10005,"minecraft:interact_with_crafting_table":7,"minecraft:fly_one_cm":15048,"minecraft:open_chest":2,"minecraft:crouch_one_cm":420,"minecraft:deaths":5,"minecraft:play_time":36935,"minecraft:sneak_time":610,"minecraft:walk_under_water_one_cm":9619,"minecraft:jump":364,"minecraft:time_since_death":6140,"minecraft:walk_on_water_one_cm":8323,"minecraft:climb_one_cm":5615,"minecraft:total_world_time":36935,"minecraft:fall_one_cm":9987}},"DataVersion":3465}