{"stats":{"minecraft:used":{"minecraft:stone_sword":26,"minecraft:chest":3,"minecraft:iron_sword":48,"minecraft:rotten_flesh":10,"minecraft:torch":14,"minecraft:dirt":21,"minecraft:mutton":1,"minecraft:cocoa_beans":48,"minecraft:tuff":2,"minecraft:wooden_axe":82,"minecraft:jungle_log":1,"minecraft:iron_boots":1,"minecraft:furnace":3,"minecraft:oak_sapling":1,"minecraft:cooked_cod":1,"minecraft:cobbled_deepslate":22,"minecraft:wheat_seeds":6,"minecraft:diorite":6,"minecraft:stone_pickaxe":540,"minecraft:wooden_pickaxe":126,"minecraft:sand":1,"minecraft:crafting_table":5,"minecraft:spider_eye":1,"minecraft:wooden_hoe":6,"minecraft:apple":1,"minecraft:melon_slice":3,"minecraft:iron_pickaxe":412,"minecraft:gravel":6,"minecraft:stone_axe":87,"minecraft:wooden_sword":155,"minecraft:cobblestone":26,"minecraft:andesite":1},"minecraft:crafted":{"minecraft:wooden_sword":4,"minecraft:oak_planks":52,"minecraft:furnace":3,"minecraft:bamboo_block":2,"minecraft:iron_boots":1,"minecraft:stone_pickaxe":7,"minecraft:chest":3,"minecraft:crafting_table":5,"minecraft:wooden_pickaxe":4,"minecraft:iron_sword":1,"minecraft:copper_ingot":64,"minecraft:stone_axe":2,"minecraft:air":0,"minecraft:jungle_planks":180,"minecraft:bamboo_planks":4,"minecraft:iron_chestplate":1,"minecraft:wooden_hoe":1,"minecraft:charcoal":24,"minecraft:stick":72,"minecraft:iron_ingot":57,"minecraft:iron_pickaxe":5,"minecraft:wooden_axe":2,"minecraft:stone_sword":1,"minecraft:iron_leggings":1,"minecraft:torch":20,"minecraft:shears":2},"minecraft:custom":{"minecraft:mob_kills":33,"minecraft:interact_with_crafting_table":36,"minecraft:leave_game":2,"minecraft:time_since_death":624,"minecraft:climb_one_cm":42588,"minecraft:sprint_one_cm":430682,"minecraft:walk_one_cm":560580,"minecraft:drop":3,"minecraft:talked_to_villager":1,"minecraft:play_time":205224,"minecraft:deaths":18,"minecraft:sneak_time":3487,"minecraft:walk_under_water_one_cm":48613,"minecraft:jump":2801,"minecraft:walk_on_water_one_cm":35999,"minecraft:total_world_time":205224,"minecraft:interact_with_furnace":23,"minecraft:time_since_rest":659,"minecraft:damage_taken":4640,"minecraft:damage_dealt":5226,"minecraft:fly_one_cm":137818,"minecraft:swim_one_cm":46583,"minecraft:open_chest":30,"minecraft:crouch_one_cm":5085,"minecraft:fall_one_cm":51277},"minecraft:mined":{"minecraft:tuff":60,"minecraft:deepslate_diamond_ore":3,"minecraft:jungle_leaves":9,"minecraft:granite":14,"minecraft:grass_block":4,"minecraft:jungle_log":108,"minecraft:kelp":6,"minecraft:iron_ore":37,"minecraft:cobbled_deepslate":1,"minecraft:andesite":43,"minecraft:deepslate_lapis_ore":5,"minecraft:vine":40,"minecraft:deepslate_iron_ore":33,"minecraft:bamboo":2,"minecraft:stone":254,"minecraft:deepslate_redstone_ore":19,"minecraft:kelp_plant":7,"minecraft:crafting_table":1,"minecraft:melon":2,"minecraft:copper_ore":35,"minecraft:cobblestone":3,"minecraft:lapis_ore":4,"minecraft:deepslate_gold_ore":5,"minecraft:diorite":35,"minecraft:wall_torch":3,"minecraft:deepslate_copper_ore":2,"minecraft:seagrass":1,"minecraft:grass":83,"minecraft:coal_ore":63,"minecraft:oak_log":21,"minecraft:cocoa":42,"minecraft:gravel":14,"minecraft:sand":1,"minecraft:dirt":15,"minecraft:oak_leaves":19,"minecraft:deepslate":376,"minecraft:fern":30},"minecraft:dropped":{"minecraft:mutton":1,"minecraft:wooden_sword":1,"minecraft:stone_sword":1},"minecraft:killed_by":{"minecraft:creeper":2,"minecraft:skeleton":9,"minecraft:zombie":2},"minecraft:killed":{"minecraft:spider":6,"minecraft:cod":4,"minecraft:skeleton":3,"minecraft:tropical_fish":2,"minecraft:zombie_villager":1,"minecraft:wandering_trader":1,"minecraft:sheep":2,"minecraft:zombie":13},"minecraft:broken":{"minecraft:wooden_pickaxe":2,"minecraft:stone_pickaxe":3,"minecraft:wooden_sword":1},"minecraft:picked_up":{"minecraft:wooden_axe":8,"minecraft:charcoal":25,"minecraft:cocoa_beans":182,"minecraft:iron_chestplate":2,"minecraft:crafting_table":1,"minecraft:lead":2,"minecraft:wooden_pickaxe":2,"minecraft:string":10,"minecraft:raw_copper":290,"minecraft:wooden_sword":11,"minecraft:iron_leggings":2,"minecraft:cobbled_deepslate":660,"minecraft:jungle_sapling":16,"minecraft:iron_pickaxe":4,"minecraft:melon_slice":4,"minecraft:iron_boots":2,"minecraft:raw_iron":101,"minecraft:stick":42,"minecraft:copper_ingot":28,"minecraft:torch":92,"minecraft:diorite":88,"minecraft:redstone":132,"minecraft:stone_sword":3,"minecraft:arrow":11,"minecraft:rotten_flesh":19,"minecraft:tropical_fish":4,"minecraft:mutton":4,"minecraft:cod":7,"minecraft:white_wool":3,"minecraft:cobblestone":673,"minecraft:jungle_log":154,"minecraft:andesite":135,"minecraft:flint":4,"minecraft:tuff":139,"minecraft:oak_log":48,"minecraft:lapis_lazuli":104,"minecraft:wooden_hoe":2,"minecraft:dirt":109,"minecraft:bone":6,"minecraft:apple":3,"minecraft:kelp":44,"minecraft:wheat_seeds":12,"minecraft:raw_gold":10,"minecraft:stone_pickaxe":11,"minecraft:iron_ingot":25,"minecraft:bamboo":31,"minecraft:oak_planks":28,"minecraft:iron_sword":2,"minecraft:gravel":24,"minecraft:jungle_planks":452,"minecraft:sand":1,"minecraft:spider_eye":4,"minecraft:diamond":5,"minecraft:stone_axe":3,"minecraft:granite":29,"minecraft:oak_sapling":2,"minecraft:black_wool":1,"minecraft:coal":285}},"DataVersion":3465}