{"stats":{"minecraft:killed_by":{"minecraft:skeleton":6,"minecraft:creeper":1},"minecraft:killed":{"minecraft:spider":2,"minecraft:skeleton":3,"minecraft:zombie":3},"minecraft:used":{"minecraft:stone_pickaxe":262,"minecraft:chest":3,"minecraft:wooden_pickaxe":47,"minecraft:iron_sword":32,"minecraft:torch":6,"minecraft:crafting_table":3,"minecraft:wooden_axe":50,"minecraft:iron_boots":1,"minecraft:wooden_sword":96,"minecraft:cobblestone":3,"minecraft:furnace":1,"minecraft:andesite":1},"minecraft:broken":{"minecraft:stone_pickaxe":2},"minecraft:crafted":{"minecraft:wooden_sword":2,"minecraft:crafting_table":3,"minecraft:wooden_pickaxe":2,"minecraft:iron_sword":1,"minecraft:furnace":1,"minecraft:air":0,"minecraft:jungle_planks":128,"minecraft:iron_boots":1,"minecraft:iron_chestplate":1,"minecraft:stick":40,"minecraft:iron_ingot":37,"minecraft:iron_pickaxe":2,"minecraft:stone_pickaxe":5,"minecraft:wooden_axe":2,"minecraft:chest":3,"minecraft:iron_leggings":1,"minecraft:torch":16},"minecraft:mined":{"minecraft:kelp_plant":2,"minecraft:jungle_leaves":7,"minecraft:granite":1,"minecraft:grass_block":1,"minecraft:jungle_log":41,"minecraft:copper_ore":33,"minecraft:lapis_ore":4,"minecraft:kelp":3,"minecraft:diorite":17,"minecraft:seagrass":1,"minecraft:iron_ore":37,"minecraft:andesite":24,"minecraft:grass":5,"minecraft:coal_ore":62,"minecraft:cocoa":2,"minecraft:vine":8,"minecraft:bamboo":1,"minecraft:stone":122,"minecraft:oak_leaves":1,"minecraft:deepslate":9},"minecraft:picked_up":{"minecraft:wooden_axe":8,"minecraft:cocoa_beans":6,"minecraft:iron_chestplate":2,"minecraft:jungle_log":50,"minecraft:andesite":95,"minecraft:lapis_lazuli":26,"minecraft:string":2,"minecraft:dirt":30,"minecraft:raw_copper":210,"minecraft:wooden_sword":10,"minecraft:iron_leggings":2,"minecraft:bone":6,"minecraft:apple":2,"minecraft:kelp":20,"minecraft:cobbled_deepslate":24,"minecraft:iron_ingot":20,"minecraft:stone_pickaxe":7,"minecraft:jungle_sapling":1,"minecraft:iron_pickaxe":3,"minecraft:bamboo":11,"minecraft:iron_sword":1,"minecraft:iron_boots":2,"minecraft:stick":23,"minecraft:raw_iron":63,"minecraft:torch":85,"minecraft:jungle_planks":396,"minecraft:diorite":36,"minecraft:rotten_flesh":2,"minecraft:arrow":5,"minecraft:granite":3,"minecraft:coal":284,"minecraft:cobblestone":326},"minecraft:custom":{"minecraft:interact_with_furnace":3,"minecraft:mob_kills":8,"minecraft:interact_with_crafting_table":9,"minecraft:time_since_death":659,"minecraft:climb_one_cm":10939,"minecraft:time_since_rest":692,"minecraft:sprint_one_cm":50062,"minecraft:damage_taken":1831,"minecraft:walk_one_cm":102543,"minecraft:damage_dealt":1527,"minecraft:swim_one_cm":13562,"minecraft:fly_one_cm":21566,"minecraft:open_chest":4,"minecraft:crouch_one_cm":883,"minecraft:play_time":48935,"minecraft:deaths":7,"minecraft:sneak_time":867,"minecraft:walk_under_water_one_cm":15247,"minecraft:jump":549,"minecraft:walk_on_water_one_cm":11163,"minecraft:total_world_time":48935,"minecraft:fall_one_cm":13572}},"DataVersion":3465}