{"stats":{"minecraft:used":{"minecraft:wooden_axe":29,"minecraft:stone_pickaxe":57,"minecraft:wooden_pickaxe":59,"minecraft:jungle_boat":1,"minecraft:stone_axe":1,"minecraft:cobblestone":7,"minecraft:crafting_table":2},"minecraft:crafted":{"minecraft:crafting_table":1,"minecraft:stick":8,"minecraft:jungle_boat":1,"minecraft:wooden_pickaxe":1,"minecraft:stone_pickaxe":1,"minecraft:wooden_axe":1,"minecraft:stone_sword":1,"minecraft:furnace":1,"minecraft:stone_axe":1,"minecraft:jungle_planks":100},"minecraft:custom":{"minecraft:time_since_rest":13333,"minecraft:sprint_one_cm":10800,"minecraft:damage_taken":50,"minecraft:walk_one_cm":28806,"minecraft:interact_with_crafting_table":6,"minecraft:fly_one_cm":23433,"minecraft:crouch_one_cm":439,"minecraft:play_time":13333,"minecraft:sneak_time":237,"minecraft:walk_under_water_one_cm":740,"minecraft:boat_one_cm":24987,"minecraft:jump":162,"minecraft:time_since_death":13333,"minecraft:walk_on_water_one_cm":2215,"minecraft:climb_one_cm":2012,"minecraft:total_world_time":13333,"minecraft:fall_one_cm":5828},"minecraft:mined":{"minecraft:iron_ore":1,"minecraft:jungle_leaves":10,"minecraft:crafting_table":2,"minecraft:coal_ore":72,"minecraft:jungle_log":29,"minecraft:copper_ore":4,"minecraft:cobblestone":3,"minecraft:stone":36,"minecraft:sugar_cane":1},"minecraft:broken":{"minecraft:wooden_pickaxe":1},"minecraft:picked_up":{"minecraft:raw_iron":1,"minecraft:stick":1,"minecraft:crafting_table":2,"minecraft:jungle_boat":1,"minecraft:jungle_log":25,"minecraft:raw_copper":14,"minecraft:jungle_sapling":2,"minecraft:sugar_cane":3,"minecraft:coal":72,"minecraft:cobblestone":39}},"DataVersion":3465}