{"stats":{"minecraft:used":{"minecraft:wooden_axe":29,"minecraft:stone_sword":2,"minecraft:stone_shovel":23,"minecraft:melon_slice":11,"minecraft:stone_pickaxe":60,"minecraft:chest":2,"minecraft:wooden_pickaxe":59,"minecraft:jungle_boat":1,"minecraft:stone_axe":69,"minecraft:torch":7,"minecraft:dirt":23,"minecraft:cobblestone":7,"minecraft:crafting_table":3,"minecraft:furnace":1,"minecraft:jungle_planks":14},"minecraft:crafted":{"minecraft:stone_shovel":1,"minecraft:shield":1,"minecraft:crafting_table":1,"minecraft:stick":12,"minecraft:jungle_boat":1,"minecraft:iron_ingot":1,"minecraft:wooden_pickaxe":1,"minecraft:stone_pickaxe":1,"minecraft:wooden_axe":1,"minecraft:chest":2,"minecraft:stone_sword":1,"minecraft:furnace":1,"minecraft:torch":8,"minecraft:stone_axe":1,"minecraft:jungle_planks":100},"minecraft:custom":{"minecraft:time_since_rest":25333,"minecraft:interact_with_furnace":5,"minecraft:sprint_one_cm":35129,"minecraft:damage_taken":100,"minecraft:walk_one_cm":65849,"minecraft:mob_kills":1,"minecraft:damage_dealt":80,"minecraft:open_chest":1,"minecraft:swim_one_cm":583,"minecraft:interact_with_crafting_table":10,"minecraft:fly_one_cm":49841,"minecraft:crouch_one_cm":439,"minecraft:play_time":25333,"minecraft:sneak_time":237,"minecraft:walk_under_water_one_cm":1554,"minecraft:boat_one_cm":24987,"minecraft:jump":400,"minecraft:time_since_death":25333,"minecraft:walk_on_water_one_cm":2807,"minecraft:climb_one_cm":5434,"minecraft:total_world_time":25333,"minecraft:fall_one_cm":11973},"minecraft:mined":{"minecraft:birch_log":12,"minecraft:iron_ore":1,"minecraft:jungle_leaves":10,"minecraft:birch_leaves":4,"minecraft:crafting_table":2,"minecraft:grass":3,"minecraft:grass_block":17,"minecraft:oak_log":27,"minecraft:coal_ore":72,"minecraft:melon":13,"minecraft:jungle_log":29,"minecraft:dirt":8,"minecraft:copper_ore":4,"minecraft:cobblestone":3,"minecraft:bamboo":4,"minecraft:stone":39,"minecraft:oak_leaves":6,"minecraft:sugar_cane":1,"minecraft:fern":1},"minecraft:killed":{"minecraft:sheep":1},"minecraft:broken":{"minecraft:wooden_pickaxe":1},"minecraft:picked_up":{"minecraft:birch_log":12,"minecraft:raw_iron":1,"minecraft:stick":4,"minecraft:crafting_table":2,"minecraft:jungle_boat":1,"minecraft:jungle_log":25,"minecraft:oak_log":27,"minecraft:dirt":23,"minecraft:raw_copper":14,"minecraft:wheat_seeds":1,"minecraft:jungle_sapling":2,"minecraft:bamboo":31,"minecraft:oak_sapling":1,"minecraft:melon_slice":62,"minecraft:sugar_cane":3,"minecraft:mutton":1,"minecraft:white_wool":1,"minecraft:coal":72,"minecraft:cobblestone":42}},"DataVersion":3465}