{"stats":{"minecraft:used":{"minecraft:stone_sword":2,"minecraft:stone_shovel":106,"minecraft:stone_pickaxe":131,"minecraft:oak_planks":39,"minecraft:chest":2,"minecraft:wooden_pickaxe":59,"minecraft:jungle_boat":1,"minecraft:torch":13,"minecraft:dirt":97,"minecraft:crafting_table":3,"minecraft:jungle_planks":14,"minecraft:oak_log":5,"minecraft:wooden_axe":29,"minecraft:melon_slice":11,"minecraft:stone_axe":87,"minecraft:cobblestone":7,"minecraft:furnace":1,"minecraft:jungle_door":2},"minecraft:crafted":{"minecraft:oak_planks":108,"minecraft:stone_shovel":1,"minecraft:crafting_table":1,"minecraft:jungle_boat":1,"minecraft:wooden_pickaxe":1,"minecraft:furnace":1,"minecraft:stone_axe":1,"minecraft:jungle_planks":100,"minecraft:jungle_door":3,"minecraft:shield":1,"minecraft:stick":12,"minecraft:iron_ingot":1,"minecraft:stone_pickaxe":1,"minecraft:wooden_axe":1,"minecraft:stone_sword":1,"minecraft:chest":2,"minecraft:torch":20},"minecraft:custom":{"minecraft:interact_with_furnace":5,"minecraft:mob_kills":1,"minecraft:interact_with_crafting_table":11,"minecraft:time_since_death":37333,"minecraft:climb_one_cm":5739,"minecraft:time_since_rest":37333,"minecraft:sprint_one_cm":41553,"minecraft:damage_taken":100,"minecraft:walk_one_cm":108939,"minecraft:damage_dealt":80,"minecraft:swim_one_cm":583,"minecraft:fly_one_cm":56344,"minecraft:open_chest":1,"minecraft:crouch_one_cm":439,"minecraft:play_time":37333,"minecraft:sneak_time":237,"minecraft:walk_under_water_one_cm":1554,"minecraft:boat_one_cm":24987,"minecraft:jump":502,"minecraft:walk_on_water_one_cm":2807,"minecraft:total_world_time":37333,"minecraft:fall_one_cm":12809},"minecraft:mined":{"minecraft:jungle_leaves":10,"minecraft:crafting_table":2,"minecraft:torch":1,"minecraft:grass_block":72,"minecraft:melon":13,"minecraft:jungle_log":29,"minecraft:copper_ore":4,"minecraft:cobblestone":3,"minecraft:sugar_cane":1,"minecraft:oak_planks":7,"minecraft:birch_log":18,"minecraft:iron_ore":1,"minecraft:birch_leaves":4,"minecraft:grass":9,"minecraft:coal_ore":72,"minecraft:oak_log":32,"minecraft:dirt":32,"minecraft:bamboo":4,"minecraft:stone":110,"minecraft:oak_leaves":6,"minecraft:fern":1},"minecraft:killed":{"minecraft:sheep":1},"minecraft:broken":{"minecraft:stone_pickaxe":1,"minecraft:wooden_pickaxe":1},"minecraft:picked_up":{"minecraft:birch_log":18,"minecraft:crafting_table":2,"minecraft:jungle_boat":1,"minecraft:jungle_log":25,"minecraft:oak_log":32,"minecraft:dirt":97,"minecraft:raw_copper":14,"minecraft:wheat_seeds":4,"minecraft:jungle_sapling":2,"minecraft:bamboo":31,"minecraft:melon_slice":62,"minecraft:sugar_cane":3,"minecraft:birch_sapling":4,"minecraft:oak_planks":7,"minecraft:stick":4,"minecraft:raw_iron":1,"minecraft:torch":1,"minecraft:oak_sapling":1,"minecraft:mutton":1,"minecraft:coal":72,"minecraft:white_wool":1,"minecraft:cobblestone":113}},"DataVersion":3465}