{"stats":{"minecraft:used":{"minecraft:cooked_mutton":3,"minecraft:flint_and_steel":4,"minecraft:stone_pickaxe":61,"minecraft:wooden_pickaxe":9,"minecraft:sugar_cane":3,"minecraft:jungle_boat":2,"minecraft:crafting_table":4,"minecraft:carrot":28,"minecraft:wooden_axe":1,"minecraft:stone_axe":29,"minecraft:golden_sword":34,"minecraft:furnace":1,"minecraft:egg":1},"minecraft:crafted":{"minecraft:oak_planks":84,"minecraft:crafting_table":1,"minecraft:jungle_boat":1,"minecraft:wooden_pickaxe":1,"minecraft:cooked_chicken":1,"minecraft:furnace":1,"minecraft:stone_axe":1,"minecraft:cooked_mutton":5,"minecraft:air":0,"minecraft:jungle_planks":20,"minecraft:shield":1,"minecraft:stick":8,"minecraft:iron_ingot":1,"minecraft:stone_pickaxe":1,"minecraft:wooden_axe":1,"minecraft:gold_ingot":2},"minecraft:custom":{"minecraft:interact_with_furnace":12,"minecraft:mob_kills":11,"minecraft:interact_with_crafting_table":6,"minecraft:time_since_death":23104,"minecraft:climb_one_cm":2346,"minecraft:time_since_rest":23104,"minecraft:sprint_one_cm":61163,"minecraft:open_enderchest":2,"minecraft:damage_taken":154,"minecraft:walk_one_cm":38611,"minecraft:drop":2,"minecraft:damage_dealt":1241,"minecraft:swim_one_cm":18404,"minecraft:talked_to_villager":3,"minecraft:fly_one_cm":118456,"minecraft:open_chest":3,"minecraft:crouch_one_cm":9345,"minecraft:play_time":23104,"minecraft:sneak_time":2455,"minecraft:walk_under_water_one_cm":2272,"minecraft:boat_one_cm":127722,"minecraft:jump":536,"minecraft:walk_on_water_one_cm":2022,"minecraft:total_world_time":23104,"minecraft:fall_one_cm":11383},"minecraft:mined":{"minecraft:jungle_leaves":1,"minecraft:crafting_table":4,"minecraft:blast_furnace":1,"minecraft:jungle_log":5,"minecraft:cobblestone":6,"minecraft:sugar_cane":80,"minecraft:large_fern":2,"minecraft:seagrass":1,"minecraft:tall_seagrass":5,"minecraft:furnace":1,"minecraft:carrots":28,"minecraft:iron_ore":3,"minecraft:fire":4,"minecraft:grass":6,"minecraft:coal_ore":30,"minecraft:oak_log":21,"minecraft:vine":1,"minecraft:stone":29,"minecraft:oak_leaves":6},"minecraft:dropped":{"minecraft:wooden_axe":1,"minecraft:wooden_pickaxe":1},"minecraft:killed":{"minecraft:pig":1,"minecraft:creeper":1,"minecraft:sheep":4,"minecraft:zombie":2,"minecraft:chicken":2},"minecraft:picked_up":{"minecraft:crafting_table":4,"minecraft:jungle_boat":2,"minecraft:chicken":1,"minecraft:jungle_log":5,"minecraft:oak_log":21,"minecraft:gunpowder":1,"minecraft:cooked_mutton":2,"minecraft:cooked_chicken":1,"minecraft:sugar_cane":71,"minecraft:oak_planks":1,"minecraft:egg":2,"minecraft:furnace":1,"minecraft:raw_iron":3,"minecraft:cooked_porkchop":2,"minecraft:blast_furnace":1,"minecraft:carrot":93,"minecraft:rotten_flesh":3,"minecraft:gray_wool":1,"minecraft:mutton":5,"minecraft:coal":30,"minecraft:white_wool":4,"minecraft:cobblestone":35}},"DataVersion":3465}