{"stats":{"minecraft:used":{"minecraft:cooked_mutton":7,"minecraft:flint_and_steel":4,"minecraft:stone_pickaxe":85,"minecraft:shield":10,"minecraft:wooden_pickaxe":9,"minecraft:sugar_cane":3,"minecraft:cooked_chicken":1,"minecraft:jungle_boat":2,"minecraft:iron_chestplate":1,"minecraft:crafting_table":6,"minecraft:blast_furnace":2,"minecraft:carrot":28,"minecraft:white_bed":1,"minecraft:wooden_axe":1,"minecraft:iron_pickaxe":146,"minecraft:iron_helmet":1,"minecraft:stone_axe":36,"minecraft:golden_sword":37,"minecraft:cobblestone":9,"minecraft:furnace":2,"minecraft:egg":2},"minecraft:crafted":{"minecraft:oak_planks":84,"minecraft:crafting_table":1,"minecraft:jungle_boat":1,"minecraft:iron_helmet":1,"minecraft:wooden_pickaxe":1,"minecraft:cooked_chicken":1,"minecraft:furnace":1,"minecraft:stone_axe":1,"minecraft:cooked_mutton":5,"minecraft:air":0,"minecraft:jungle_planks":20,"minecraft:iron_boots":1,"minecraft:iron_chestplate":1,"minecraft:shield":1,"minecraft:stick":12,"minecraft:iron_ingot":28,"minecraft:iron_pickaxe":1,"minecraft:stone_pickaxe":1,"minecraft:wooden_axe":1,"minecraft:gold_ingot":2,"minecraft:white_bed":1},"minecraft:custom":{"minecraft:interact_with_furnace":24,"minecraft:mob_kills":14,"minecraft:interact_with_crafting_table":20,"minecraft:time_since_death":35104,"minecraft:climb_one_cm":2346,"minecraft:time_since_rest":35104,"minecraft:sprint_one_cm":91703,"minecraft:open_enderchest":2,"minecraft:damage_taken":519,"minecraft:walk_one_cm":57857,"minecraft:damage_blocked_by_shield":310,"minecraft:drop":9,"minecraft:damage_dealt":2075,"minecraft:swim_one_cm":18404,"minecraft:talked_to_villager":3,"minecraft:fly_one_cm":161327,"minecraft:open_chest":3,"minecraft:crouch_one_cm":22580,"minecraft:play_time":35104,"minecraft:sneak_time":5976,"minecraft:walk_under_water_one_cm":2272,"minecraft:boat_one_cm":127722,"minecraft:jump":775,"minecraft:interact_with_blast_furnace":25,"minecraft:walk_on_water_one_cm":3475,"minecraft:total_world_time":35104,"minecraft:fall_one_cm":19249},"minecraft:mined":{"minecraft:jungle_leaves":1,"minecraft:crafting_table":5,"minecraft:blast_furnace":2,"minecraft:jungle_log":5,"minecraft:cobblestone":7,"minecraft:lapis_ore":9,"minecraft:sugar_cane":80,"minecraft:large_fern":2,"minecraft:seagrass":1,"minecraft:tall_seagrass":5,"minecraft:furnace":1,"minecraft:carrots":28,"minecraft:iron_ore":53,"minecraft:fire":4,"minecraft:andesite":14,"minecraft:grass":6,"minecraft:pointed_dripstone":2,"minecraft:coal_ore":68,"minecraft:oak_log":21,"minecraft:vine":1,"minecraft:dripstone_block":1,"minecraft:stone":81,"minecraft:gold_ore":2,"minecraft:oak_leaves":6},"minecraft:dropped":{"minecraft:dripstone_block":7,"minecraft:pointed_dripstone":5,"minecraft:cobblestone":1,"minecraft:gray_wool":1,"minecraft:wooden_axe":1,"minecraft:golden_sword":1,"minecraft:stone_pickaxe":1,"minecraft:wooden_pickaxe":1,"minecraft:white_wool":1},"minecraft:killed":{"minecraft:pig":1,"minecraft:creeper":1,"minecraft:sheep":4,"minecraft:zombie":5,"minecraft:chicken":2},"minecraft:picked_up":{"minecraft:crafting_table":5,"minecraft:jungle_boat":2,"minecraft:chicken":1,"minecraft:andesite":14,"minecraft:jungle_log":5,"minecraft:oak_log":21,"minecraft:gunpowder":1,"minecraft:lapis_lazuli":58,"minecraft:cooked_mutton":2,"minecraft:raw_gold":2,"minecraft:cooked_chicken":1,"minecraft:sugar_cane":71,"minecraft:oak_planks":1,"minecraft:egg":2,"minecraft:furnace":1,"minecraft:raw_iron":53,"minecraft:cooked_porkchop":2,"minecraft:dripstone_block":7,"minecraft:pointed_dripstone":5,"minecraft:blast_furnace":2,"minecraft:carrot":93,"minecraft:rotten_flesh":5,"minecraft:gray_wool":1,"minecraft:mutton":5,"minecraft:coal":124,"minecraft:white_wool":4,"minecraft:cobblestone":88}},"DataVersion":3465}