{"stats":{"minecraft:used":{"minecraft:wooden_axe":1,"minecraft:wooden_pickaxe":9,"minecraft:jungle_boat":2,"minecraft:stone_axe":28,"minecraft:golden_sword":12,"minecraft:crafting_table":3,"minecraft:egg":1},"minecraft:crafted":{"minecraft:oak_planks":16,"minecraft:crafting_table":1,"minecraft:stick":8,"minecraft:jungle_boat":1,"minecraft:wooden_pickaxe":1,"minecraft:stone_pickaxe":1,"minecraft:wooden_axe":1,"minecraft:stone_axe":1,"minecraft:jungle_planks":20},"minecraft:custom":{"minecraft:time_since_rest":11104,"minecraft:sprint_one_cm":21271,"minecraft:damage_taken":40,"minecraft:walk_one_cm":9219,"minecraft:mob_kills":5,"minecraft:drop":2,"minecraft:damage_dealt":521,"minecraft:swim_one_cm":8229,"minecraft:interact_with_crafting_table":4,"minecraft:fly_one_cm":54960,"minecraft:open_chest":3,"minecraft:crouch_one_cm":2710,"minecraft:play_time":11104,"minecraft:sneak_time":761,"minecraft:walk_under_water_one_cm":1627,"minecraft:boat_one_cm":127722,"minecraft:jump":232,"minecraft:time_since_death":11104,"minecraft:walk_on_water_one_cm":1653,"minecraft:climb_one_cm":2346,"minecraft:total_world_time":11104,"minecraft:fall_one_cm":5910},"minecraft:mined":{"minecraft:seagrass":1,"minecraft:tall_seagrass":5,"minecraft:carrots":13,"minecraft:jungle_leaves":1,"minecraft:crafting_table":3,"minecraft:grass":1,"minecraft:oak_log":21,"minecraft:vine":1,"minecraft:jungle_log":5,"minecraft:stone":9,"minecraft:oak_leaves":4},"minecraft:dropped":{"minecraft:wooden_axe":1,"minecraft:wooden_pickaxe":1},"minecraft:killed":{"minecraft:sheep":3,"minecraft:zombie":1,"minecraft:chicken":1},"minecraft:picked_up":{"minecraft:crafting_table":3,"minecraft:jungle_boat":2,"minecraft:chicken":1,"minecraft:jungle_log":5,"minecraft:oak_log":21,"minecraft:carrot":29,"minecraft:rotten_flesh":2,"minecraft:gray_wool":1,"minecraft:mutton":5,"minecraft:white_wool":2,"minecraft:cobblestone":9,"minecraft:egg":2}},"DataVersion":3465}