{"stats":{"minecraft:used":{"minecraft:jungle_boat":1,"minecraft:crafting_table":1},"minecraft:crafted":{"minecraft:crafting_table":1,"minecraft:jungle_boat":1,"minecraft:jungle_planks":28},"minecraft:custom":{"minecraft:jump":65,"minecraft:time_since_rest":6787,"minecraft:crouch_one_cm":162,"minecraft:sprint_one_cm":10522,"minecraft:play_time":6787,"minecraft:damage_taken":30,"minecraft:time_since_death":6787,"minecraft:walk_one_cm":2092,"minecraft:sneak_time":151,"minecraft:climb_one_cm":810,"minecraft:total_world_time":6787,"minecraft:boat_one_cm":67218,"minecraft:interact_with_crafting_table":1,"minecraft:fall_one_cm":1814,"minecraft:fly_one_cm":12938},"minecraft:mined":{"minecraft:vine":2,"minecraft:jungle_log":7},"minecraft:picked_up":{"minecraft:jungle_log":7}},"DataVersion":3465}