{"stats":{"minecraft:used":{"minecraft:bread":4,"minecraft:stone_pickaxe":129,"minecraft:wooden_pickaxe":19,"minecraft:jungle_boat":1,"minecraft:cobblestone":36,"minecraft:dirt":12,"minecraft:crafting_table":2,"minecraft:jungle_planks":1},"minecraft:crafted":{"minecraft:crafting_table":2,"minecraft:stick":8,"minecraft:jungle_boat":1,"minecraft:wooden_pickaxe":1,"minecraft:stone_pickaxe":1,"minecraft:stone_sword":1,"minecraft:jungle_planks":28},"minecraft:custom":{"minecraft:time_since_rest":23312,"minecraft:sprint_one_cm":39342,"minecraft:open_enderchest":1,"minecraft:damage_taken":225,"minecraft:walk_one_cm":14368,"minecraft:mob_kills":1,"minecraft:damage_dealt":200,"minecraft:interact_with_crafting_table":4,"minecraft:swim_one_cm":10165,"minecraft:fly_one_cm":87666,"minecraft:crouch_one_cm":9165,"minecraft:play_time":23312,"minecraft:sneak_time":2800,"minecraft:walk_under_water_one_cm":33638,"minecraft:boat_one_cm":67218,"minecraft:jump":355,"minecraft:leave_game":1,"minecraft:walk_on_water_one_cm":12000,"minecraft:time_since_death":23312,"minecraft:climb_one_cm":810,"minecraft:total_world_time":23312,"minecraft:fall_one_cm":11546},"minecraft:mined":{"minecraft:iron_ore":8,"minecraft:andesite":3,"minecraft:crafting_table":1,"minecraft:granite":14,"minecraft:coal_ore":17,"minecraft:grass_block":1,"minecraft:oak_log":44,"minecraft:vine":2,"minecraft:jungle_log":7,"minecraft:dirt":12,"minecraft:cobblestone":14,"minecraft:stone":74,"minecraft:diorite":11,"minecraft:oak_leaves":1},"minecraft:killed":{"minecraft:zombie":1},"minecraft:picked_up":{"minecraft:raw_iron":8,"minecraft:crafting_table":1,"minecraft:andesite":3,"minecraft:jungle_log":7,"minecraft:oak_log":44,"minecraft:diorite":11,"minecraft:dirt":13,"minecraft:granite":14,"minecraft:bread":10,"minecraft:coal":17,"minecraft:cobblestone":86}},"DataVersion":3465}