{"stats":{"minecraft:used":{"minecraft:bread":4,"minecraft:stone_pickaxe":77,"minecraft:wooden_pickaxe":19,"minecraft:jungle_boat":1,"minecraft:cobblestone":3,"minecraft:dirt":1,"minecraft:crafting_table":2},"minecraft:crafted":{"minecraft:crafting_table":2,"minecraft:stick":8,"minecraft:jungle_boat":1,"minecraft:wooden_pickaxe":1,"minecraft:stone_pickaxe":1,"minecraft:stone_sword":1,"minecraft:jungle_planks":28},"minecraft:custom":{"minecraft:time_since_rest":18787,"minecraft:sprint_one_cm":39207,"minecraft:open_enderchest":1,"minecraft:damage_taken":145,"minecraft:walk_one_cm":13651,"minecraft:mob_kills":1,"minecraft:damage_dealt":200,"minecraft:interact_with_crafting_table":4,"minecraft:swim_one_cm":5152,"minecraft:fly_one_cm":87666,"minecraft:crouch_one_cm":8466,"minecraft:play_time":18787,"minecraft:sneak_time":2524,"minecraft:walk_under_water_one_cm":1243,"minecraft:boat_one_cm":67218,"minecraft:jump":335,"minecraft:walk_on_water_one_cm":3780,"minecraft:time_since_death":18787,"minecraft:climb_one_cm":810,"minecraft:total_world_time":18787,"minecraft:fall_one_cm":11546},"minecraft:mined":{"minecraft:crafting_table":1,"minecraft:granite":14,"minecraft:grass_block":1,"minecraft:oak_log":44,"minecraft:vine":2,"minecraft:jungle_log":7,"minecraft:dirt":11,"minecraft:stone":65,"minecraft:diorite":11,"minecraft:oak_leaves":1},"minecraft:killed":{"minecraft:zombie":1},"minecraft:picked_up":{"minecraft:crafting_table":1,"minecraft:jungle_log":7,"minecraft:oak_log":44,"minecraft:diorite":11,"minecraft:dirt":12,"minecraft:granite":14,"minecraft:bread":10,"minecraft:cobblestone":65}},"DataVersion":3465}