{"stats":{"minecraft:killed":{"minecraft:pig":3,"minecraft:spider":2,"minecraft:sheep":4,"minecraft:skeleton":2,"minecraft:zombie":1,"minecraft:cow":3},"minecraft:used":{"minecraft:diorite":2,"minecraft:stone_pickaxe":296,"minecraft:wooden_pickaxe":49,"minecraft:torch":14,"minecraft:dirt":6,"minecraft:crafting_table":6,"minecraft:melon_slice":20,"minecraft:stone_axe":60,"minecraft:cobblestone":5,"minecraft:furnace":3,"minecraft:cobbled_deepslate":63},"minecraft:broken":{"minecraft:stone_pickaxe":2},"minecraft:crafted":{"minecraft:oak_planks":16,"minecraft:cooked_porkchop":3,"minecraft:crafting_table":1,"minecraft:wooden_pickaxe":1,"minecraft:furnace":1,"minecraft:stone_axe":1,"minecraft:jungle_slab":12,"minecraft:air":0,"minecraft:jungle_planks":32,"minecraft:charcoal":6,"minecraft:shield":1,"minecraft:stick":24,"minecraft:iron_ingot":7,"minecraft:stone_pickaxe":3,"minecraft:torch":24},"minecraft:dropped":{"minecraft:wheat_seeds":2,"minecraft:oak_sapling":2,"minecraft:stone_pickaxe":1},"minecraft:mined":{"minecraft:tuff":20,"minecraft:jungle_leaves":1,"minecraft:clay":5,"minecraft:crafting_table":6,"minecraft:torch":4,"minecraft:granite":5,"minecraft:grass_block":4,"minecraft:melon":16,"minecraft:jungle_log":14,"minecraft:diorite":2,"minecraft:wall_torch":10,"minecraft:furnace":3,"minecraft:cobbled_deepslate":1,"minecraft:iron_ore":7,"minecraft:grass":9,"minecraft:coal_ore":3,"minecraft:oak_log":4,"minecraft:vine":3,"minecraft:gravel":19,"minecraft:dirt":18,"minecraft:stone":185,"minecraft:oak_leaves":2,"minecraft:deepslate":78,"minecraft:fern":4},"minecraft:picked_up":{"minecraft:crafting_table":6,"minecraft:clay_ball":20,"minecraft:jungle_log":14,"minecraft:leather":5,"minecraft:flint":4,"minecraft:tuff":20,"minecraft:oak_log":4,"minecraft:string":1,"minecraft:dirt":22,"minecraft:bone":1,"minecraft:bow":1,"minecraft:wheat_seeds":2,"minecraft:cobbled_deepslate":79,"minecraft:beef":6,"minecraft:stone_pickaxe":1,"minecraft:melon_slice":78,"minecraft:furnace":3,"minecraft:stick":2,"minecraft:raw_iron":7,"minecraft:torch":14,"minecraft:gravel":27,"minecraft:porkchop":7,"minecraft:diorite":2,"minecraft:spider_eye":1,"minecraft:arrow":2,"minecraft:rotten_flesh":1,"minecraft:granite":5,"minecraft:gray_wool":1,"minecraft:oak_sapling":2,"minecraft:mutton":7,"minecraft:coal":5,"minecraft:white_wool":3,"minecraft:cobblestone":185},"minecraft:custom":{"minecraft:interact_with_furnace":20,"minecraft:mob_kills":15,"minecraft:interact_with_crafting_table":11,"minecraft:time_since_death":43065,"minecraft:climb_one_cm":4709,"minecraft:time_since_rest":43065,"minecraft:sprint_one_cm":73776,"minecraft:damage_taken":193,"minecraft:walk_one_cm":110574,"minecraft:drop":5,"minecraft:damage_dealt":1819,"minecraft:swim_one_cm":33650,"minecraft:fly_one_cm":108875,"minecraft:crouch_one_cm":16982,"minecraft:play_time":43065,"minecraft:sneak_time":5514,"minecraft:walk_under_water_one_cm":4615,"minecraft:jump":963,"minecraft:walk_on_water_one_cm":5506,"minecraft:total_world_time":43065,"minecraft:fall_one_cm":14183}},"DataVersion":3465}