{"stats":{"minecraft:used":{"minecraft:diorite":2,"minecraft:stone_pickaxe":297,"minecraft:wooden_pickaxe":49,"minecraft:iron_sword":22,"minecraft:iron_chestplate":1,"minecraft:torch":14,"minecraft:dirt":6,"minecraft:crafting_table":6,"minecraft:melon_slice":69,"minecraft:iron_helmet":1,"minecraft:stone_axe":82,"minecraft:cobblestone":5,"minecraft:furnace":3,"minecraft:cobbled_deepslate":63},"minecraft:crafted":{"minecraft:oak_planks":16,"minecraft:cooked_porkchop":3,"minecraft:crafting_table":1,"minecraft:wooden_pickaxe":1,"minecraft:furnace":1,"minecraft:stone_axe":1,"minecraft:jungle_slab":12,"minecraft:air":0,"minecraft:jungle_planks":32,"minecraft:charcoal":6,"minecraft:shield":1,"minecraft:stick":24,"minecraft:iron_ingot":7,"minecraft:stone_pickaxe":3,"minecraft:torch":24},"minecraft:custom":{"minecraft:interact_with_furnace":21,"minecraft:mob_kills":35,"minecraft:interact_with_crafting_table":13,"minecraft:leave_game":2,"minecraft:time_since_death":85150,"minecraft:climb_one_cm":5036,"minecraft:time_since_rest":85150,"minecraft:sprint_one_cm":362651,"minecraft:damage_taken":451,"minecraft:walk_one_cm":247234,"minecraft:drop":10,"minecraft:damage_dealt":4051,"minecraft:swim_one_cm":37478,"minecraft:talked_to_villager":10,"minecraft:fly_one_cm":318793,"minecraft:open_chest":13,"minecraft:crouch_one_cm":21012,"minecraft:play_time":85150,"minecraft:sneak_time":5872,"minecraft:walk_under_water_one_cm":5708,"minecraft:jump":2229,"minecraft:walk_on_water_one_cm":7185,"minecraft:total_world_time":85150,"minecraft:fall_one_cm":40745},"minecraft:mined":{"minecraft:tuff":20,"minecraft:white_bed":1,"minecraft:jungle_leaves":1,"minecraft:clay":5,"minecraft:crafting_table":6,"minecraft:torch":4,"minecraft:granite":5,"minecraft:blast_furnace":1,"minecraft:grass_block":4,"minecraft:melon":16,"minecraft:jungle_log":14,"minecraft:spruce_leaves":13,"minecraft:sugar_cane":2,"minecraft:diorite":2,"minecraft:wall_torch":10,"minecraft:furnace":3,"minecraft:iron_ore":7,"minecraft:cobbled_deepslate":1,"minecraft:grass":10,"minecraft:oak_log":4,"minecraft:coal_ore":3,"minecraft:vine":3,"minecraft:gravel":19,"minecraft:dirt":18,"minecraft:stone":185,"minecraft:oak_leaves":2,"minecraft:deepslate":78,"minecraft:fern":4},"minecraft:dropped":{"minecraft:wheat_seeds":2,"minecraft:rotten_flesh":1,"minecraft:melon_slice":2,"minecraft:oak_sapling":2,"minecraft:spider_eye":1,"minecraft:stone_pickaxe":1,"minecraft:string":1},"minecraft:killed":{"minecraft:pig":9,"minecraft:spider":2,"minecraft:sheep":7,"minecraft:skeleton":3,"minecraft:zombie":5,"minecraft:cow":9},"minecraft:broken":{"minecraft:stone_pickaxe":2},"minecraft:picked_up":{"minecraft:crafting_table":6,"minecraft:clay_ball":20,"minecraft:jungle_log":14,"minecraft:leather":9,"minecraft:flint":4,"minecraft:tuff":20,"minecraft:oak_log":4,"minecraft:dirt":22,"minecraft:string":1,"minecraft:bone":1,"minecraft:bow":1,"minecraft:wheat_seeds":2,"minecraft:cobbled_deepslate":79,"minecraft:beef":19,"minecraft:stone_pickaxe":1,"minecraft:sugar_cane":5,"minecraft:melon_slice":80,"minecraft:furnace":3,"minecraft:stick":3,"minecraft:raw_iron":7,"minecraft:torch":14,"minecraft:gravel":27,"minecraft:porkchop":17,"minecraft:blast_furnace":1,"minecraft:diorite":2,"minecraft:white_bed":1,"minecraft:spider_eye":1,"minecraft:arrow":4,"minecraft:rotten_flesh":1,"minecraft:granite":5,"minecraft:gray_wool":1,"minecraft:oak_sapling":2,"minecraft:mutton":12,"minecraft:coal":5,"minecraft:white_wool":5,"minecraft:cobblestone":185}},"DataVersion":3465}