{"stats":{"minecraft:killed":{"minecraft:skeleton":2,"minecraft:sheep":3,"minecraft:pig":1},"minecraft:used":{"minecraft:stone_pickaxe":62,"minecraft:melon_slice":11,"minecraft:wooden_pickaxe":49,"minecraft:torch":1,"minecraft:stone_axe":42,"minecraft:dirt":6,"minecraft:crafting_table":3,"minecraft:furnace":2},"minecraft:crafted":{"minecraft:oak_planks":16,"minecraft:charcoal":6,"minecraft:cooked_porkchop":3,"minecraft:crafting_table":1,"minecraft:stick":24,"minecraft:wooden_pickaxe":1,"minecraft:stone_pickaxe":1,"minecraft:furnace":1,"minecraft:torch":24,"minecraft:stone_axe":1,"minecraft:jungle_slab":12,"minecraft:air":0,"minecraft:jungle_planks":32},"minecraft:dropped":{"minecraft:wheat_seeds":2,"minecraft:oak_sapling":2,"minecraft:stone_pickaxe":1},"minecraft:mined":{"minecraft:furnace":2,"minecraft:jungle_leaves":1,"minecraft:crafting_table":3,"minecraft:grass":9,"minecraft:grass_block":4,"minecraft:oak_log":4,"minecraft:melon":16,"minecraft:vine":3,"minecraft:jungle_log":14,"minecraft:dirt":18,"minecraft:stone":90,"minecraft:oak_leaves":2,"minecraft:fern":4},"minecraft:picked_up":{"minecraft:stick":2,"minecraft:crafting_table":3,"minecraft:jungle_log":14,"minecraft:porkchop":3,"minecraft:oak_log":4,"minecraft:dirt":22,"minecraft:arrow":2,"minecraft:bone":1,"minecraft:bow":1,"minecraft:wheat_seeds":2,"minecraft:stone_pickaxe":1,"minecraft:gray_wool":1,"minecraft:oak_sapling":2,"minecraft:melon_slice":78,"minecraft:mutton":6,"minecraft:white_wool":2,"minecraft:cobblestone":87,"minecraft:furnace":2},"minecraft:custom":{"minecraft:time_since_rest":19065,"minecraft:interact_with_furnace":10,"minecraft:sprint_one_cm":29324,"minecraft:damage_taken":153,"minecraft:walk_one_cm":56624,"minecraft:mob_kills":6,"minecraft:drop":5,"minecraft:damage_dealt":739,"minecraft:interact_with_crafting_table":7,"minecraft:fly_one_cm":22965,"minecraft:crouch_one_cm":7121,"minecraft:play_time":19065,"minecraft:sneak_time":1991,"minecraft:jump":307,"minecraft:time_since_death":19065,"minecraft:climb_one_cm":4085,"minecraft:total_world_time":19065,"minecraft:fall_one_cm":2628}},"DataVersion":3465}