{"stats":{"minecraft:killed":{"minecraft:pig":1,"minecraft:sheep":3,"minecraft:skeleton":2},"minecraft:used":{"minecraft:diorite":2,"minecraft:stone_pickaxe":288,"minecraft:wooden_pickaxe":49,"minecraft:torch":13,"minecraft:dirt":6,"minecraft:crafting_table":5,"minecraft:melon_slice":11,"minecraft:stone_axe":44,"minecraft:cobblestone":5,"minecraft:furnace":2,"minecraft:cobbled_deepslate":38},"minecraft:broken":{"minecraft:stone_pickaxe":2},"minecraft:crafted":{"minecraft:oak_planks":16,"minecraft:cooked_porkchop":3,"minecraft:crafting_table":1,"minecraft:wooden_pickaxe":1,"minecraft:furnace":1,"minecraft:stone_axe":1,"minecraft:jungle_slab":12,"minecraft:air":0,"minecraft:jungle_planks":32,"minecraft:charcoal":6,"minecraft:stick":24,"minecraft:stone_pickaxe":3,"minecraft:torch":24},"minecraft:dropped":{"minecraft:wheat_seeds":2,"minecraft:oak_sapling":2,"minecraft:stone_pickaxe":1},"minecraft:mined":{"minecraft:tuff":20,"minecraft:jungle_leaves":1,"minecraft:clay":5,"minecraft:crafting_table":5,"minecraft:torch":3,"minecraft:granite":5,"minecraft:grass_block":4,"minecraft:melon":16,"minecraft:jungle_log":14,"minecraft:diorite":2,"minecraft:wall_torch":5,"minecraft:furnace":2,"minecraft:cobbled_deepslate":1,"minecraft:iron_ore":5,"minecraft:grass":9,"minecraft:oak_log":4,"minecraft:vine":3,"minecraft:gravel":19,"minecraft:dirt":18,"minecraft:stone":183,"minecraft:oak_leaves":2,"minecraft:deepslate":78,"minecraft:fern":4},"minecraft:picked_up":{"minecraft:crafting_table":5,"minecraft:clay_ball":20,"minecraft:jungle_log":14,"minecraft:flint":4,"minecraft:tuff":20,"minecraft:oak_log":4,"minecraft:dirt":22,"minecraft:bone":1,"minecraft:bow":1,"minecraft:wheat_seeds":2,"minecraft:cobbled_deepslate":79,"minecraft:stone_pickaxe":1,"minecraft:melon_slice":78,"minecraft:furnace":2,"minecraft:stick":2,"minecraft:raw_iron":5,"minecraft:torch":8,"minecraft:gravel":27,"minecraft:porkchop":3,"minecraft:diorite":2,"minecraft:arrow":2,"minecraft:granite":5,"minecraft:gray_wool":1,"minecraft:oak_sapling":2,"minecraft:mutton":6,"minecraft:white_wool":2,"minecraft:cobblestone":183},"minecraft:custom":{"minecraft:interact_with_furnace":10,"minecraft:mob_kills":6,"minecraft:interact_with_crafting_table":9,"minecraft:time_since_death":31065,"minecraft:climb_one_cm":4085,"minecraft:time_since_rest":31065,"minecraft:sprint_one_cm":36323,"minecraft:damage_taken":153,"minecraft:walk_one_cm":85243,"minecraft:drop":5,"minecraft:damage_dealt":739,"minecraft:fly_one_cm":24162,"minecraft:crouch_one_cm":16557,"minecraft:play_time":31065,"minecraft:sneak_time":5300,"minecraft:jump":441,"minecraft:total_world_time":31065,"minecraft:fall_one_cm":2628}},"DataVersion":3465}