{"stats":{"minecraft:used":{"minecraft:enchanting_table":1,"minecraft:flint_and_steel":2,"minecraft:ender_chest":3,"minecraft:chest":3,"minecraft:spruce_planks":833,"minecraft:shield":57,"minecraft:stone":7,"minecraft:iron_sword":158,"minecraft:cooked_chicken":8,"minecraft:rotten_flesh":3,"minecraft:netherrack":500,"minecraft:torch":180,"minecraft:brewing_stand":3,"minecraft:dirt":319,"minecraft:anvil":1,"minecraft:nether_bricks":16,"minecraft:cobblestone_wall":1,"minecraft:carrot":137,"minecraft:granite":1,"minecraft:iron_hoe":6,"minecraft:furnace":13,"minecraft:potato":32,"minecraft:egg":1,"minecraft:cooked_beef":22,"minecraft:pointed_dripstone":4,"minecraft:cooked_mutton":9,"minecraft:water_bucket":120,"minecraft:cobblestone_stairs":1,"minecraft:sugar_cane":21,"minecraft:oak_planks":98,"minecraft:stone_pickaxe":191,"minecraft:wooden_pickaxe":10,"minecraft:blue_bed":4,"minecraft:diamond_axe":372,"minecraft:jungle_boat":3,"minecraft:white_bed":12,"minecraft:crafting_table":17,"minecraft:dripstone_block":1,"minecraft:diamond_pickaxe":885,"minecraft:diamond_shovel":259,"minecraft:iron_pickaxe":1000,"minecraft:lectern":70,"minecraft:stone_slab":10,"minecraft:spruce_sapling":16,"minecraft:purple_bed":7,"minecraft:stone_axe":134,"minecraft:pink_petals":1,"minecraft:diamond_sword":286,"minecraft:cobblestone":211,"minecraft:cooked_porkchop":25,"minecraft:bucket":121,"minecraft:yellow_bed":3,"minecraft:bone_meal":291},"minecraft:crafted":{"minecraft:oak_planks":128,"minecraft:blaze_powder":2,"minecraft:cooked_chicken":8,"minecraft:furnace":4,"minecraft:stone":10,"minecraft:diamond_shovel":1,"minecraft:bone_meal":291,"minecraft:bookshelf":2,"minecraft:cooked_mutton":9,"minecraft:flint_and_steel":1,"minecraft:diamond_helmet":1,"minecraft:diamond_leggings":1,"minecraft:iron_boots":1,"minecraft:iron_hoe":1,"minecraft:spruce_slab":12,"minecraft:stone_pickaxe":2,"minecraft:chest":3,"minecraft:diamond_boots":1,"minecraft:ender_eye":2,"minecraft:cooked_beef":22,"minecraft:diamond_sword":1,"minecraft:emerald":1,"minecraft:cooked_porkchop":25,"minecraft:diamond_axe":1,"minecraft:crafting_table":4,"minecraft:jungle_boat":1,"minecraft:spruce_planks":912,"minecraft:enchanting_table":1,"minecraft:iron_helmet":1,"minecraft:wooden_pickaxe":1,"minecraft:iron_sword":1,"minecraft:bucket":1,"minecraft:brewing_stand":1,"minecraft:stone_axe":2,"minecraft:enchanted_book":1,"minecraft:air":0,"minecraft:jungle_planks":28,"minecraft:lectern":2,"minecraft:iron_chestplate":1,"minecraft:book":6,"minecraft:paper":39,"minecraft:diamond_pickaxe":2,"minecraft:shield":1,"minecraft:stick":182,"minecraft:stone_slab":6,"minecraft:iron_ingot":107,"minecraft:iron_pickaxe":4,"minecraft:anvil":1,"minecraft:iron_block":3,"minecraft:iron_leggings":1,"minecraft:gold_ingot":2,"minecraft:white_bed":2,"minecraft:torch":196,"minecraft:diamond_chestplate":1,"minecraft:ender_chest":2},"minecraft:custom":{"minecraft:interact_with_anvil":1,"minecraft:mob_kills":185,"minecraft:interact_with_crafting_table":45,"minecraft:leave_game":18,"minecraft:time_since_death":309426,"minecraft:climb_one_cm":1822,"minecraft:sprint_one_cm":934674,"minecraft:walk_one_cm":568432,"minecraft:damage_blocked_by_shield":2450,"minecraft:drop":76,"minecraft:talked_to_villager":186,"minecraft:play_time":309426,"minecraft:sneak_time":52573,"minecraft:walk_under_water_one_cm":23293,"minecraft:boat_one_cm":27560,"minecraft:jump":5899,"minecraft:walk_on_water_one_cm":37693,"minecraft:enchant_item":7,"minecraft:total_world_time":309426,"minecraft:interact_with_furnace":85,"minecraft:traded_with_villager":2,"minecraft:interact_with_grindstone":1,"minecraft:sleep_in_bed":4,"minecraft:time_since_rest":50301,"minecraft:open_enderchest":20,"minecraft:damage_taken":3591,"minecraft:damage_dealt":29514,"minecraft:swim_one_cm":82878,"minecraft:fly_one_cm":1026111,"minecraft:open_chest":46,"minecraft:crouch_one_cm":224016,"minecraft:fall_one_cm":158363},"minecraft:mined":{"minecraft:infested_deepslate":1,"minecraft:nether_gold_ore":6,"minecraft:white_bed":10,"minecraft:diamond_ore":12,"minecraft:tuff":47,"minecraft:spruce_planks":60,"minecraft:deepslate_diamond_ore":34,"minecraft:cobblestone_stairs":4,"minecraft:brewing_stand":3,"minecraft:obsidian":20,"minecraft:nether_bricks":75,"minecraft:granite":16,"minecraft:grass_block":151,"minecraft:jungle_log":7,"minecraft:soul_soil":7,"minecraft:spruce_leaves":67,"minecraft:composter":1,"minecraft:cartography_table":1,"minecraft:large_fern":3,"minecraft:spruce_sapling":2,"minecraft:furnace":13,"minecraft:carrots":115,"minecraft:iron_ore":110,"minecraft:fire":24,"minecraft:andesite":17,"minecraft:anvil":1,"minecraft:enchanting_table":1,"minecraft:nether_brick_fence":1,"minecraft:potatoes":35,"minecraft:pointed_dripstone":4,"minecraft:dirt_path":1,"minecraft:deepslate_iron_ore":11,"minecraft:vine":2,"minecraft:stone":602,"minecraft:bone_block":25,"minecraft:ender_chest":2,"minecraft:deepslate_redstone_ore":4,"minecraft:soul_sand":4,"minecraft:soul_fire":1,"minecraft:dandelion":1,"minecraft:basalt":3,"minecraft:crafting_table":14,"minecraft:torch":11,"minecraft:blast_furnace":2,"minecraft:emerald_ore":4,"minecraft:chest":1,"minecraft:sculk_sensor":1,"minecraft:lectern":70,"minecraft:stone_slab":7,"minecraft:tall_grass":1,"minecraft:cobblestone":22,"minecraft:deepslate_coal_ore":2,"minecraft:deepslate_gold_ore":21,"minecraft:lapis_ore":10,"minecraft:oak_planks":2,"minecraft:grindstone":4,"minecraft:sugar_cane":31,"minecraft:diorite":35,"minecraft:blue_bed":4,"minecraft:wall_torch":3,"minecraft:pink_petals":2,"minecraft:seagrass":3,"minecraft:purple_bed":7,"minecraft:cobblestone_wall":1,"minecraft:wheat":15,"minecraft:spruce_log":224,"minecraft:yellow_bed":3,"minecraft:beetroots":3,"minecraft:grass":30,"minecraft:coal_ore":114,"minecraft:oak_log":32,"minecraft:gravel":29,"minecraft:dirt":160,"minecraft:dripstone_block":4,"minecraft:stonecutter":1,"minecraft:netherrack":663,"minecraft:gold_ore":7,"minecraft:deepslate":170,"minecraft:oak_leaves":7,"minecraft:fern":2},"minecraft:dropped":{"minecraft:iron_ingot":1,"minecraft:iron_sword":1,"minecraft:soul_sand":4,"minecraft:wheat_seeds":18,"minecraft:crafting_table":1,"minecraft:dripstone_block":3,"minecraft:iron_helmet":2,"minecraft:cobblestone":15,"minecraft:leather":2,"minecraft:granite":6,"minecraft:cobblestone_stairs":3,"minecraft:stick":2,"minecraft:dirt":7,"minecraft:gray_wool":1,"minecraft:diorite":6,"minecraft:torch":1,"minecraft:brown_wool":1,"minecraft:jungle_sapling":1,"minecraft:iron_leggings":1,"minecraft:iron_pickaxe":1,"minecraft:string":9,"minecraft:pink_petals":36,"minecraft:spruce_sapling":3,"minecraft:armor_stand":2,"minecraft:gravel":6,"minecraft:stone_axe":2,"minecraft:soul_soil":7,"minecraft:raw_copper":3,"minecraft:tuff":1,"minecraft:pointed_dripstone":6,"minecraft:beetroot":1,"minecraft:rotten_flesh":53,"minecraft:light_gray_wool":1,"minecraft:oak_planks":2,"minecraft:iron_boots":1,"minecraft:stone_slab":6,"minecraft:nether_bricks":58,"minecraft:salmon":5,"minecraft:beetroot_seeds":5,"minecraft:spruce_planks":53,"minecraft:iron_chestplate":1,"minecraft:andesite":6,"minecraft:chest":1,"minecraft:spruce_log":5,"minecraft:spruce_slab":2,"minecraft:bow":1,"minecraft:arrow":2,"minecraft:beef":1,"minecraft:stone_pickaxe":2,"minecraft:wooden_pickaxe":1,"minecraft:magma_cream":1,"minecraft:cartography_table":1},"minecraft:killed":{"minecraft:spider":9,"minecraft:skeleton":24,"minecraft:chicken":8,"minecraft:silverfish":1,"minecraft:magma_cube":1,"minecraft:pig":22,"minecraft:zombie_villager":1,"minecraft:salmon":4,"minecraft:creeper":3,"minecraft:sheep":19,"minecraft:zombie":37,"minecraft:blaze":35,"minecraft:enderman":3,"minecraft:cow":13},"minecraft:broken":{"minecraft:stone_pickaxe":1,"minecraft:stone_axe":1,"minecraft:iron_pickaxe":4},"minecraft:picked_up":{"minecraft:crafting_table":14,"minecraft:ender_chest":2,"minecraft:anvil":1,"minecraft:chicken":11,"minecraft:stone_slab":13,"minecraft:brewing_stand":3,"minecraft:string":2,"minecraft:soul_soil":7,"minecraft:raw_copper":3,"minecraft:armor_stand":2,"minecraft:beetroot":1,"minecraft:cartography_table":2,"minecraft:gold_nugget":20,"minecraft:spruce_planks":113,"minecraft:beef":30,"minecraft:jungle_sapling":1,"minecraft:iron_pickaxe":1,"minecraft:light_gray_wool":1,"minecraft:lectern":70,"minecraft:sugar_cane":66,"minecraft:chest":1,"minecraft:egg":1,"minecraft:furnace":13,"minecraft:stick":7,"minecraft:raw_iron":242,"minecraft:composter":1,"minecraft:torch":14,"minecraft:porkchop":38,"minecraft:pointed_dripstone":10,"minecraft:diorite":6,"minecraft:carrot":322,"minecraft:redstone":19,"minecraft:arrow":18,"minecraft:rotten_flesh":36,"minecraft:beetroot_seeds":5,"minecraft:nether_bricks":74,"minecraft:bookshelf":1,"minecraft:blaze_rod":19,"minecraft:obsidian":20,"minecraft:mutton":27,"minecraft:bone_block":25,"minecraft:white_wool":13,"minecraft:cobblestone":287,"minecraft:enchanting_table":1,"minecraft:pink_petals":37,"minecraft:jungle_boat":3,"minecraft:feather":9,"minecraft:basalt":3,"minecraft:magma_cream":1,"minecraft:andesite":6,"minecraft:salmon":5,"minecraft:jungle_log":7,"minecraft:brown_wool":1,"minecraft:leather":9,"minecraft:potato":94,"minecraft:yellow_bed":3,"minecraft:flint":1,"minecraft:tuff":1,"minecraft:oak_log":32,"minecraft:cobblestone_wall":1,"minecraft:gunpowder":6,"minecraft:cobblestone_stairs":4,"minecraft:lapis_lazuli":64,"minecraft:dirt":326,"minecraft:blue_bed":4,"minecraft:bone":21,"minecraft:bow":1,"minecraft:stonecutter":1,"minecraft:wheat_seeds":18,"minecraft:raw_gold":28,"minecraft:iron_ingot":6,"minecraft:grindstone":4,"minecraft:stone_pickaxe":1,"minecraft:oak_planks":3,"minecraft:soul_sand":4,"minecraft:dripstone_block":4,"minecraft:gravel":6,"minecraft:spruce_sapling":13,"minecraft:blast_furnace":2,"minecraft:white_bed":10,"minecraft:spruce_log":228,"minecraft:purple_bed":7,"minecraft:diamond":46,"minecraft:stone_axe":1,"minecraft:iron_helmet":1,"minecraft:granite":7,"minecraft:gray_wool":1,"minecraft:emerald":4,"minecraft:oak_sapling":1,"minecraft:netherrack":658,"minecraft:coal":348,"minecraft:ender_pearl":2}},"DataVersion":3465}