{"stats":{"minecraft:picked_up":{"minecraft:crafting_table":11,"minecraft:chicken":11,"minecraft:raw_copper":3,"minecraft:beef":19,"minecraft:jungle_sapling":1,"minecraft:iron_pickaxe":1,"minecraft:light_gray_wool":1,"minecraft:furnace":9,"minecraft:stick":2,"minecraft:raw_iron":242,"minecraft:torch":10,"minecraft:porkchop":30,"minecraft:pointed_dripstone":10,"minecraft:diorite":6,"minecraft:redstone":19,"minecraft:rotten_flesh":31,"minecraft:arrow":6,"minecraft:mutton":27,"minecraft:cobblestone":250,"minecraft:white_wool":13,"minecraft:pink_petals":37,"minecraft:jungle_boat":2,"minecraft:feather":9,"minecraft:jungle_log":7,"minecraft:salmon":3,"minecraft:andesite":6,"minecraft:brown_wool":1,"minecraft:leather":6,"minecraft:tuff":1,"minecraft:oak_log":32,"minecraft:gunpowder":4,"minecraft:lapis_lazuli":64,"minecraft:dirt":45,"minecraft:bone":9,"minecraft:raw_gold":28,"minecraft:iron_ingot":3,"minecraft:stone_pickaxe":1,"minecraft:oak_planks":3,"minecraft:gravel":5,"minecraft:dripstone_block":4,"minecraft:stone_axe":1,"minecraft:diamond":46,"minecraft:granite":7,"minecraft:gray_wool":1,"minecraft:emerald":4,"minecraft:oak_sapling":1,"minecraft:coal":336},"minecraft:broken":{"minecraft:stone_pickaxe":1,"minecraft:stone_axe":1,"minecraft:iron_pickaxe":4},"minecraft:killed":{"minecraft:spider":7,"minecraft:skeleton":11,"minecraft:chicken":8,"minecraft:silverfish":1,"minecraft:pig":16,"minecraft:zombie_villager":1,"minecraft:salmon":3,"minecraft:creeper":2,"minecraft:sheep":19,"minecraft:zombie":25,"minecraft:cow":8},"minecraft:custom":{"minecraft:mob_kills":105,"minecraft:interact_with_crafting_table":17,"minecraft:leave_game":17,"minecraft:time_since_death":123716,"minecraft:climb_one_cm":1208,"minecraft:sprint_one_cm":401799,"minecraft:walk_one_cm":153979,"minecraft:damage_blocked_by_shield":1465,"minecraft:drop":30,"minecraft:play_time":123716,"minecraft:sneak_time":26488,"minecraft:walk_under_water_one_cm":8521,"minecraft:boat_one_cm":22917,"minecraft:jump":2973,"minecraft:walk_on_water_one_cm":9127,"minecraft:total_world_time":123716,"minecraft:interact_with_furnace":52,"minecraft:sleep_in_bed":1,"minecraft:time_since_rest":89994,"minecraft:damage_taken":1691,"minecraft:damage_dealt":13951,"minecraft:swim_one_cm":24099,"minecraft:fly_one_cm":442362,"minecraft:open_chest":2,"minecraft:crouch_one_cm":98301,"minecraft:fall_one_cm":86419},"minecraft:crafted":{"minecraft:oak_planks":128,"minecraft:cooked_chicken":5,"minecraft:furnace":2,"minecraft:cooked_mutton":9,"minecraft:iron_boots":1,"minecraft:stone_pickaxe":2,"minecraft:cooked_beef":9,"minecraft:diamond_sword":1,"minecraft:cooked_porkchop":12,"minecraft:diamond_axe":1,"minecraft:crafting_table":2,"minecraft:jungle_boat":1,"minecraft:wooden_pickaxe":1,"minecraft:iron_helmet":1,"minecraft:iron_sword":1,"minecraft:stone_axe":2,"minecraft:air":0,"minecraft:jungle_planks":28,"minecraft:iron_chestplate":1,"minecraft:diamond_pickaxe":1,"minecraft:shield":1,"minecraft:stick":68,"minecraft:iron_ingot":78,"minecraft:iron_pickaxe":4,"minecraft:iron_leggings":1,"minecraft:white_bed":1,"minecraft:torch":140},"minecraft:used":{"minecraft:shield":35,"minecraft:iron_sword":158,"minecraft:cooked_chicken":5,"minecraft:rotten_flesh":3,"minecraft:torch":147,"minecraft:dirt":45,"minecraft:granite":1,"minecraft:furnace":9,"minecraft:cooked_beef":4,"minecraft:pointed_dripstone":4,"minecraft:cooked_mutton":9,"minecraft:stone_pickaxe":191,"minecraft:oak_planks":98,"minecraft:wooden_pickaxe":10,"minecraft:diamond_axe":1,"minecraft:jungle_boat":2,"minecraft:crafting_table":11,"minecraft:white_bed":1,"minecraft:dripstone_block":1,"minecraft:diamond_pickaxe":9,"minecraft:iron_pickaxe":1000,"minecraft:stone_axe":134,"minecraft:pink_petals":1,"minecraft:diamond_sword":21,"minecraft:cobblestone":117,"minecraft:cooked_porkchop":12},"minecraft:mined":{"minecraft:infested_deepslate":1,"minecraft:diamond_ore":12,"minecraft:tuff":47,"minecraft:deepslate_diamond_ore":34,"minecraft:granite":16,"minecraft:grass_block":5,"minecraft:jungle_log":7,"minecraft:spruce_leaves":11,"minecraft:furnace":9,"minecraft:iron_ore":110,"minecraft:andesite":17,"minecraft:pointed_dripstone":4,"minecraft:deepslate_iron_ore":11,"minecraft:vine":2,"minecraft:stone":578,"minecraft:deepslate_redstone_ore":4,"minecraft:dandelion":1,"minecraft:crafting_table":11,"minecraft:torch":8,"minecraft:emerald_ore":4,"minecraft:sculk_sensor":1,"minecraft:tall_grass":1,"minecraft:deepslate_coal_ore":2,"minecraft:lapis_ore":10,"minecraft:deepslate_gold_ore":21,"minecraft:oak_planks":2,"minecraft:diorite":35,"minecraft:wall_torch":3,"minecraft:pink_petals":2,"minecraft:grass":4,"minecraft:oak_log":32,"minecraft:coal_ore":114,"minecraft:gravel":8,"minecraft:dripstone_block":4,"minecraft:dirt":12,"minecraft:gold_ore":7,"minecraft:oak_leaves":7,"minecraft:deepslate":170},"minecraft:dropped":{"minecraft:iron_sword":1,"minecraft:dripstone_block":3,"minecraft:cobblestone":6,"minecraft:leather":2,"minecraft:granite":6,"minecraft:gray_wool":1,"minecraft:diorite":6,"minecraft:brown_wool":1,"minecraft:jungle_sapling":1,"minecraft:iron_pickaxe":1,"minecraft:string":7,"minecraft:pink_petals":36,"minecraft:gravel":5,"minecraft:stone_axe":2,"minecraft:raw_copper":3,"minecraft:tuff":1,"minecraft:pointed_dripstone":6,"minecraft:rotten_flesh":48,"minecraft:light_gray_wool":1,"minecraft:oak_planks":2,"minecraft:andesite":6,"minecraft:wooden_pickaxe":1,"minecraft:beef":1,"minecraft:stone_pickaxe":2}},"DataVersion":3465}