{"stats":{"minecraft:used":{"minecraft:enchanting_table":1,"minecraft:flint_and_steel":2,"minecraft:spruce_planks":1,"minecraft:chest":1,"minecraft:shield":54,"minecraft:iron_sword":158,"minecraft:cooked_chicken":5,"minecraft:rotten_flesh":3,"minecraft:netherrack":500,"minecraft:torch":150,"minecraft:dirt":57,"minecraft:nether_bricks":16,"minecraft:granite":1,"minecraft:furnace":13,"minecraft:cooked_beef":19,"minecraft:pointed_dripstone":4,"minecraft:cooked_mutton":9,"minecraft:water_bucket":8,"minecraft:stone_pickaxe":191,"minecraft:oak_planks":98,"minecraft:wooden_pickaxe":10,"minecraft:diamond_axe":226,"minecraft:jungle_boat":3,"minecraft:crafting_table":14,"minecraft:white_bed":2,"minecraft:dripstone_block":1,"minecraft:diamond_pickaxe":817,"minecraft:iron_pickaxe":1000,"minecraft:spruce_sapling":12,"minecraft:stone_axe":134,"minecraft:pink_petals":1,"minecraft:diamond_sword":195,"minecraft:cobblestone":210,"minecraft:cooked_porkchop":16,"minecraft:bucket":9,"minecraft:bone_meal":10},"minecraft:crafted":{"minecraft:oak_planks":128,"minecraft:cooked_chicken":8,"minecraft:furnace":4,"minecraft:bone_meal":30,"minecraft:cooked_mutton":9,"minecraft:flint_and_steel":1,"minecraft:diamond_helmet":1,"minecraft:diamond_leggings":1,"minecraft:iron_boots":1,"minecraft:stone_pickaxe":2,"minecraft:chest":1,"minecraft:diamond_boots":1,"minecraft:cooked_beef":22,"minecraft:diamond_sword":1,"minecraft:cooked_porkchop":25,"minecraft:diamond_axe":1,"minecraft:crafting_table":3,"minecraft:enchanting_table":1,"minecraft:spruce_planks":64,"minecraft:jungle_boat":1,"minecraft:wooden_pickaxe":1,"minecraft:iron_helmet":1,"minecraft:iron_sword":1,"minecraft:bucket":1,"minecraft:stone_axe":2,"minecraft:air":0,"minecraft:jungle_planks":28,"minecraft:book":3,"minecraft:iron_chestplate":1,"minecraft:paper":9,"minecraft:diamond_pickaxe":1,"minecraft:shield":1,"minecraft:stick":68,"minecraft:iron_ingot":107,"minecraft:iron_pickaxe":4,"minecraft:gold_ingot":2,"minecraft:iron_leggings":1,"minecraft:white_bed":2,"minecraft:torch":140,"minecraft:diamond_chestplate":1},"minecraft:custom":{"minecraft:mob_kills":164,"minecraft:interact_with_crafting_table":27,"minecraft:leave_game":17,"minecraft:time_since_death":195548,"minecraft:climb_one_cm":1507,"minecraft:sprint_one_cm":595889,"minecraft:walk_one_cm":302033,"minecraft:damage_blocked_by_shield":2210,"minecraft:drop":49,"minecraft:talked_to_villager":1,"minecraft:play_time":195548,"minecraft:sneak_time":43998,"minecraft:walk_under_water_one_cm":10181,"minecraft:boat_one_cm":27560,"minecraft:jump":4059,"minecraft:walk_on_water_one_cm":18631,"minecraft:enchant_item":7,"minecraft:total_world_time":195548,"minecraft:interact_with_furnace":79,"minecraft:sleep_in_bed":1,"minecraft:time_since_rest":161826,"minecraft:damage_taken":3119,"minecraft:damage_dealt":24999,"minecraft:swim_one_cm":41637,"minecraft:fly_one_cm":592290,"minecraft:open_chest":22,"minecraft:crouch_one_cm":167539,"minecraft:fall_one_cm":111020},"minecraft:mined":{"minecraft:infested_deepslate":1,"minecraft:nether_gold_ore":6,"minecraft:diamond_ore":12,"minecraft:tuff":47,"minecraft:spruce_planks":1,"minecraft:deepslate_diamond_ore":34,"minecraft:obsidian":4,"minecraft:nether_bricks":75,"minecraft:granite":16,"minecraft:grass_block":9,"minecraft:jungle_log":7,"minecraft:soul_soil":7,"minecraft:spruce_leaves":27,"minecraft:cartography_table":1,"minecraft:large_fern":2,"minecraft:furnace":9,"minecraft:iron_ore":110,"minecraft:fire":24,"minecraft:andesite":17,"minecraft:enchanting_table":1,"minecraft:nether_brick_fence":1,"minecraft:pointed_dripstone":4,"minecraft:deepslate_iron_ore":11,"minecraft:vine":2,"minecraft:stone":579,"minecraft:bone_block":25,"minecraft:deepslate_redstone_ore":4,"minecraft:soul_sand":4,"minecraft:soul_fire":1,"minecraft:basalt":3,"minecraft:dandelion":1,"minecraft:crafting_table":12,"minecraft:torch":8,"minecraft:emerald_ore":4,"minecraft:sculk_sensor":1,"minecraft:cobblestone":20,"minecraft:tall_grass":1,"minecraft:sugar_cane":4,"minecraft:deepslate_coal_ore":2,"minecraft:lapis_ore":10,"minecraft:deepslate_gold_ore":21,"minecraft:grindstone":2,"minecraft:oak_planks":2,"minecraft:diorite":35,"minecraft:wall_torch":3,"minecraft:pink_petals":2,"minecraft:spruce_log":213,"minecraft:grass":5,"minecraft:oak_log":32,"minecraft:coal_ore":114,"minecraft:gravel":29,"minecraft:dripstone_block":4,"minecraft:dirt":20,"minecraft:stonecutter":1,"minecraft:netherrack":663,"minecraft:gold_ore":7,"minecraft:oak_leaves":7,"minecraft:deepslate":170,"minecraft:fern":2},"minecraft:dropped":{"minecraft:iron_sword":1,"minecraft:soul_sand":4,"minecraft:wheat_seeds":1,"minecraft:dripstone_block":3,"minecraft:iron_helmet":2,"minecraft:cobblestone":6,"minecraft:leather":2,"minecraft:granite":6,"minecraft:gray_wool":1,"minecraft:diorite":6,"minecraft:brown_wool":1,"minecraft:iron_leggings":1,"minecraft:jungle_sapling":1,"minecraft:iron_pickaxe":1,"minecraft:string":7,"minecraft:pink_petals":36,"minecraft:gravel":6,"minecraft:stone_axe":2,"minecraft:soul_soil":7,"minecraft:raw_copper":3,"minecraft:tuff":1,"minecraft:pointed_dripstone":6,"minecraft:rotten_flesh":49,"minecraft:light_gray_wool":1,"minecraft:oak_planks":2,"minecraft:iron_boots":1,"minecraft:nether_bricks":58,"minecraft:salmon":3,"minecraft:spruce_planks":53,"minecraft:iron_chestplate":1,"minecraft:andesite":6,"minecraft:spruce_log":5,"minecraft:arrow":1,"minecraft:wooden_pickaxe":1,"minecraft:beef":1,"minecraft:bow":1,"minecraft:stone_pickaxe":2,"minecraft:magma_cream":1,"minecraft:cartography_table":1},"minecraft:killed":{"minecraft:spider":8,"minecraft:skeleton":17,"minecraft:chicken":8,"minecraft:silverfish":1,"minecraft:magma_cube":1,"minecraft:pig":22,"minecraft:zombie_villager":1,"minecraft:salmon":3,"minecraft:creeper":3,"minecraft:sheep":19,"minecraft:zombie":28,"minecraft:blaze":35,"minecraft:cow":13},"minecraft:broken":{"minecraft:stone_pickaxe":1,"minecraft:stone_axe":1,"minecraft:iron_pickaxe":4},"minecraft:picked_up":{"minecraft:crafting_table":12,"minecraft:chicken":11,"minecraft:soul_soil":7,"minecraft:raw_copper":3,"minecraft:cartography_table":2,"minecraft:gold_nugget":20,"minecraft:spruce_planks":54,"minecraft:beef":30,"minecraft:jungle_sapling":1,"minecraft:iron_pickaxe":1,"minecraft:light_gray_wool":1,"minecraft:sugar_cane":9,"minecraft:furnace":9,"minecraft:stick":3,"minecraft:raw_iron":242,"minecraft:torch":10,"minecraft:porkchop":38,"minecraft:pointed_dripstone":10,"minecraft:diorite":6,"minecraft:redstone":19,"minecraft:arrow":10,"minecraft:rotten_flesh":32,"minecraft:nether_bricks":74,"minecraft:blaze_rod":19,"minecraft:obsidian":4,"minecraft:mutton":27,"minecraft:bone_block":25,"minecraft:white_wool":13,"minecraft:cobblestone":268,"minecraft:enchanting_table":1,"minecraft:pink_petals":37,"minecraft:jungle_boat":3,"minecraft:feather":9,"minecraft:basalt":3,"minecraft:magma_cream":1,"minecraft:andesite":6,"minecraft:salmon":3,"minecraft:jungle_log":7,"minecraft:brown_wool":1,"minecraft:leather":9,"minecraft:flint":1,"minecraft:tuff":1,"minecraft:oak_log":32,"minecraft:gunpowder":6,"minecraft:lapis_lazuli":64,"minecraft:dirt":57,"minecraft:bone":13,"minecraft:bow":1,"minecraft:stonecutter":1,"minecraft:wheat_seeds":1,"minecraft:raw_gold":28,"minecraft:grindstone":2,"minecraft:iron_ingot":3,"minecraft:stone_pickaxe":1,"minecraft:soul_sand":4,"minecraft:oak_planks":3,"minecraft:dripstone_block":4,"minecraft:gravel":6,"minecraft:spruce_sapling":10,"minecraft:spruce_log":218,"minecraft:diamond":46,"minecraft:stone_axe":1,"minecraft:iron_helmet":1,"minecraft:granite":7,"minecraft:gray_wool":1,"minecraft:emerald":4,"minecraft:netherrack":658,"minecraft:oak_sapling":1,"minecraft:coal":336}},"DataVersion":3465}