{"stats":{"minecraft:killed":{"minecraft:zombie":3,"minecraft:pig":3,"minecraft:chicken":8,"minecraft:salmon":3},"minecraft:used":{"minecraft:stone_pickaxe":57,"minecraft:wooden_pickaxe":10,"minecraft:rotten_flesh":3,"minecraft:jungle_boat":1,"minecraft:stone_axe":68,"minecraft:crafting_table":2},"minecraft:crafted":{"minecraft:oak_planks":128,"minecraft:crafting_table":1,"minecraft:stick":12,"minecraft:jungle_boat":1,"minecraft:wooden_pickaxe":1,"minecraft:stone_pickaxe":1,"minecraft:stone_axe":1,"minecraft:jungle_planks":28},"minecraft:mined":{"minecraft:crafting_table":2,"minecraft:grass":1,"minecraft:oak_log":32,"minecraft:coal_ore":40,"minecraft:vine":2,"minecraft:jungle_log":7,"minecraft:stone":27,"minecraft:oak_leaves":7},"minecraft:picked_up":{"minecraft:stick":2,"minecraft:crafting_table":2,"minecraft:jungle_boat":1,"minecraft:feather":9,"minecraft:chicken":8,"minecraft:jungle_log":7,"minecraft:salmon":3,"minecraft:porkchop":5,"minecraft:oak_log":32,"minecraft:rotten_flesh":3,"minecraft:jungle_sapling":1,"minecraft:oak_sapling":1,"minecraft:coal":40,"minecraft:cobblestone":27},"minecraft:custom":{"minecraft:time_since_rest":14682,"minecraft:sprint_one_cm":25581,"minecraft:damage_taken":155,"minecraft:walk_one_cm":19927,"minecraft:mob_kills":17,"minecraft:damage_dealt":1311,"minecraft:swim_one_cm":12142,"minecraft:interact_with_crafting_table":5,"minecraft:fly_one_cm":26950,"minecraft:crouch_one_cm":9620,"minecraft:play_time":14682,"minecraft:sneak_time":2286,"minecraft:walk_under_water_one_cm":4059,"minecraft:boat_one_cm":18549,"minecraft:jump":165,"minecraft:leave_game":4,"minecraft:walk_on_water_one_cm":4011,"minecraft:time_since_death":14682,"minecraft:climb_one_cm":1208,"minecraft:total_world_time":14682,"minecraft:fall_one_cm":4380}},"DataVersion":3465}