{"stats":{"minecraft:used":{"minecraft:spruce_slab":18,"minecraft:chest":3,"minecraft:shield":57,"minecraft:stone":7,"minecraft:iron_sword":158,"minecraft:rotten_flesh":3,"minecraft:nether_bricks":16,"minecraft:carrot":137,"minecraft:furnace":17,"minecraft:egg":1,"minecraft:potato":32,"minecraft:stone_pickaxe":191,"minecraft:oak_planks":98,"minecraft:wooden_pickaxe":10,"minecraft:blue_bed":4,"minecraft:diamond_axe":559,"minecraft:sugar_cane":35,"minecraft:jungle_boat":3,"minecraft:dripstone_block":1,"minecraft:bread":5,"minecraft:lectern":77,"minecraft:diamond_sword":311,"minecraft:bone_meal":291,"minecraft:enchanting_table":1,"minecraft:flint_and_steel":2,"minecraft:spruce_planks":904,"minecraft:ender_chest":3,"minecraft:cooked_chicken":8,"minecraft:netherrack":500,"minecraft:torch":180,"minecraft:brewing_stand":3,"minecraft:dirt":321,"minecraft:anvil":1,"minecraft:cobblestone_wall":1,"minecraft:granite":1,"minecraft:iron_hoe":53,"minecraft:cooked_beef":22,"minecraft:pointed_dripstone":4,"minecraft:cooked_mutton":9,"minecraft:water_bucket":120,"minecraft:cobblestone_stairs":1,"minecraft:fletching_table":1,"minecraft:crafting_table":17,"minecraft:white_bed":15,"minecraft:diamond_pickaxe":885,"minecraft:diamond_shovel":332,"minecraft:iron_pickaxe":1000,"minecraft:stone_slab":10,"minecraft:spruce_sapling":18,"minecraft:stone_axe":134,"minecraft:pink_petals":1,"minecraft:cobblestone":211,"minecraft:purple_bed":7,"minecraft:cooked_porkchop":25,"minecraft:bucket":121,"minecraft:yellow_bed":4},"minecraft:crafted":{"minecraft:ender_chest":2,"minecraft:oak_planks":128,"minecraft:blaze_powder":2,"minecraft:cooked_chicken":8,"minecraft:stone":10,"minecraft:diamond_shovel":1,"minecraft:bookshelf":2,"minecraft:cooked_mutton":9,"minecraft:diamond_helmet":1,"minecraft:diamond_leggings":1,"minecraft:iron_boots":1,"minecraft:chest":3,"minecraft:ender_eye":2,"minecraft:emerald":1,"minecraft:cooked_porkchop":25,"minecraft:diamond_axe":1,"minecraft:crafting_table":4,"minecraft:spruce_planks":936,"minecraft:jungle_boat":1,"minecraft:wooden_pickaxe":1,"minecraft:iron_helmet":1,"minecraft:fletching_table":2,"minecraft:brewing_stand":1,"minecraft:lectern":2,"minecraft:iron_chestplate":1,"minecraft:book":6,"minecraft:paper":39,"minecraft:diamond_pickaxe":2,"minecraft:shield":1,"minecraft:stick":182,"minecraft:stone_slab":6,"minecraft:iron_ingot":107,"minecraft:iron_pickaxe":4,"minecraft:iron_block":3,"minecraft:gold_ingot":2,"minecraft:furnace":4,"minecraft:bone_meal":291,"minecraft:flint_and_steel":1,"minecraft:spruce_slab":18,"minecraft:iron_hoe":1,"minecraft:stone_pickaxe":2,"minecraft:diamond_boots":1,"minecraft:wheat":414,"minecraft:cooked_beef":22,"minecraft:diamond_sword":1,"minecraft:enchanting_table":1,"minecraft:iron_sword":1,"minecraft:bucket":1,"minecraft:stone_axe":2,"minecraft:enchanted_book":1,"minecraft:bread":138,"minecraft:air":0,"minecraft:jungle_planks":28,"minecraft:iron_leggings":1,"minecraft:anvil":1,"minecraft:white_bed":2,"minecraft:torch":196,"minecraft:diamond_chestplate":1},"minecraft:custom":{"minecraft:interact_with_crafting_table":48,"minecraft:leave_game":22,"minecraft:time_since_death":334648,"minecraft:sprint_one_cm":984024,"minecraft:damage_blocked_by_shield":2450,"minecraft:drop":80,"minecraft:talked_to_villager":212,"minecraft:play_time":334648,"minecraft:jump":6141,"minecraft:walk_on_water_one_cm":40349,"minecraft:enchant_item":7,"minecraft:interact_with_furnace":90,"minecraft:traded_with_villager":2,"minecraft:sleep_in_bed":4,"minecraft:open_enderchest":27,"minecraft:damage_dealt":31445,"minecraft:crouch_one_cm":253606,"minecraft:mob_kills":187,"minecraft:interact_with_anvil":1,"minecraft:climb_one_cm":1822,"minecraft:walk_one_cm":645579,"minecraft:sneak_time":57513,"minecraft:walk_under_water_one_cm":25718,"minecraft:boat_one_cm":27560,"minecraft:total_world_time":334648,"minecraft:interact_with_grindstone":1,"minecraft:time_since_rest":75523,"minecraft:damage_taken":3648,"minecraft:swim_one_cm":89141,"minecraft:fly_one_cm":1063052,"minecraft:open_chest":48,"minecraft:fall_one_cm":165253},"minecraft:mined":{"minecraft:spruce_planks":217,"minecraft:white_bed":13,"minecraft:cobblestone_stairs":4,"minecraft:brewing_stand":3,"minecraft:obsidian":20,"minecraft:granite":16,"minecraft:grass_block":153,"minecraft:jungle_log":7,"minecraft:soul_soil":7,"minecraft:composter":1,"minecraft:iron_ore":110,"minecraft:fire":24,"minecraft:fletching_table":1,"minecraft:anvil":1,"minecraft:enchanting_table":1,"minecraft:pointed_dripstone":4,"minecraft:dirt_path":1,"minecraft:spruce_slab":14,"minecraft:deepslate_redstone_ore":4,"minecraft:soul_fire":1,"minecraft:torch":13,"minecraft:blast_furnace":2,"minecraft:chest":1,"minecraft:cobblestone":22,"minecraft:grindstone":4,"minecraft:sugar_cane":40,"minecraft:oak_planks":2,"minecraft:wall_torch":3,"minecraft:pink_petals":2,"minecraft:seagrass":3,"minecraft:wheat":15,"minecraft:grass":31,"minecraft:oak_log":32,"minecraft:beetroots":3,"minecraft:dirt":160,"minecraft:stonecutter":1,"minecraft:netherrack":663,"minecraft:oak_leaves":7,"minecraft:deepslate":170,"minecraft:infested_deepslate":1,"minecraft:nether_gold_ore":6,"minecraft:diamond_ore":12,"minecraft:tuff":47,"minecraft:deepslate_diamond_ore":34,"minecraft:nether_bricks":75,"minecraft:spruce_leaves":95,"minecraft:cartography_table":1,"minecraft:large_fern":3,"minecraft:hay_block":46,"minecraft:spruce_sapling":2,"minecraft:furnace":13,"minecraft:carrots":115,"minecraft:andesite":17,"minecraft:nether_brick_fence":1,"minecraft:potatoes":35,"minecraft:deepslate_iron_ore":11,"minecraft:vine":2,"minecraft:stone":602,"minecraft:bone_block":25,"minecraft:ender_chest":2,"minecraft:soul_sand":4,"minecraft:basalt":3,"minecraft:dandelion":1,"minecraft:crafting_table":14,"minecraft:emerald_ore":4,"minecraft:sculk_sensor":1,"minecraft:lectern":77,"minecraft:stone_slab":7,"minecraft:tall_grass":1,"minecraft:deepslate_coal_ore":2,"minecraft:lapis_ore":10,"minecraft:deepslate_gold_ore":21,"minecraft:diorite":35,"minecraft:blue_bed":4,"minecraft:purple_bed":7,"minecraft:cobblestone_wall":1,"minecraft:spruce_log":232,"minecraft:yellow_bed":4,"minecraft:coal_ore":114,"minecraft:gravel":102,"minecraft:dripstone_block":4,"minecraft:gold_ore":7,"minecraft:fern":2},"minecraft:dropped":{"minecraft:iron_sword":1,"minecraft:soul_sand":4,"minecraft:crafting_table":1,"minecraft:leather":2,"minecraft:cobblestone_stairs":3,"minecraft:dirt":7,"minecraft:jungle_sapling":1,"minecraft:iron_pickaxe":1,"minecraft:armor_stand":2,"minecraft:gravel":6,"minecraft:stone_axe":2,"minecraft:pointed_dripstone":6,"minecraft:beetroot":1,"minecraft:rotten_flesh":53,"minecraft:oak_planks":2,"minecraft:salmon":5,"minecraft:carrot":169,"minecraft:beetroot_seeds":5,"minecraft:chest":1,"minecraft:spruce_slab":2,"minecraft:arrow":2,"minecraft:beef":1,"minecraft:cartography_table":1,"minecraft:iron_ingot":1,"minecraft:wheat_seeds":18,"minecraft:dripstone_block":3,"minecraft:iron_helmet":2,"minecraft:cobblestone":15,"minecraft:granite":6,"minecraft:stick":2,"minecraft:gray_wool":1,"minecraft:diorite":6,"minecraft:torch":1,"minecraft:brown_wool":1,"minecraft:iron_leggings":1,"minecraft:string":9,"minecraft:pink_petals":36,"minecraft:spruce_sapling":3,"minecraft:soul_soil":7,"minecraft:raw_copper":3,"minecraft:tuff":1,"minecraft:light_gray_wool":1,"minecraft:iron_boots":1,"minecraft:stone_slab":6,"minecraft:nether_bricks":58,"minecraft:spruce_planks":53,"minecraft:andesite":6,"minecraft:iron_chestplate":1,"minecraft:spruce_log":5,"minecraft:bow":1,"minecraft:stone_pickaxe":2,"minecraft:wooden_pickaxe":1,"minecraft:magma_cream":1},"minecraft:killed":{"minecraft:spider":9,"minecraft:skeleton":24,"minecraft:chicken":8,"minecraft:silverfish":1,"minecraft:magma_cube":1,"minecraft:pig":22,"minecraft:zombie_villager":1,"minecraft:salmon":4,"minecraft:iron_golem":2,"minecraft:creeper":3,"minecraft:sheep":19,"minecraft:zombie":37,"minecraft:cow":13,"minecraft:blaze":35,"minecraft:enderman":3},"minecraft:broken":{"minecraft:stone_pickaxe":1,"minecraft:stone_axe":1,"minecraft:iron_pickaxe":4},"minecraft:picked_up":{"minecraft:ender_chest":2,"minecraft:anvil":1,"minecraft:stone_slab":13,"minecraft:brewing_stand":3,"minecraft:string":2,"minecraft:raw_copper":3,"minecraft:soul_soil":7,"minecraft:armor_stand":2,"minecraft:beetroot":1,"minecraft:gold_nugget":20,"minecraft:spruce_planks":269,"minecraft:iron_pickaxe":1,"minecraft:furnace":13,"minecraft:stick":11,"minecraft:composter":1,"minecraft:torch":16,"minecraft:porkchop":38,"minecraft:pointed_dripstone":10,"minecraft:diorite":6,"minecraft:rotten_flesh":36,"minecraft:bookshelf":1,"minecraft:blaze_rod":19,"minecraft:obsidian":20,"minecraft:cobblestone":287,"minecraft:enchanting_table":1,"minecraft:pink_petals":37,"minecraft:feather":9,"minecraft:magma_cream":1,"minecraft:andesite":6,"minecraft:jungle_log":7,"minecraft:brown_wool":1,"minecraft:potato":94,"minecraft:flint":6,"minecraft:tuff":1,"minecraft:dirt":328,"minecraft:lapis_lazuli":64,"minecraft:bone":21,"minecraft:stonecutter":1,"minecraft:bow":1,"minecraft:wheat_seeds":18,"minecraft:raw_gold":28,"minecraft:grindstone":4,"minecraft:fletching_table":1,"minecraft:oak_planks":3,"minecraft:diamond":46,"minecraft:granite":7,"minecraft:emerald":4,"minecraft:oak_sapling":1,"minecraft:netherrack":658,"minecraft:crafting_table":14,"minecraft:chicken":11,"minecraft:cartography_table":2,"minecraft:beef":30,"minecraft:jungle_sapling":1,"minecraft:light_gray_wool":1,"minecraft:spruce_slab":14,"minecraft:lectern":77,"minecraft:sugar_cane":74,"minecraft:chest":1,"minecraft:egg":1,"minecraft:raw_iron":242,"minecraft:carrot":322,"minecraft:redstone":19,"minecraft:arrow":18,"minecraft:beetroot_seeds":5,"minecraft:nether_bricks":74,"minecraft:hay_block":46,"minecraft:mutton":27,"minecraft:bone_block":25,"minecraft:white_wool":13,"minecraft:jungle_boat":3,"minecraft:basalt":3,"minecraft:salmon":5,"minecraft:leather":9,"minecraft:oak_log":32,"minecraft:cobblestone_wall":1,"minecraft:yellow_bed":4,"minecraft:gunpowder":6,"minecraft:cobblestone_stairs":4,"minecraft:blue_bed":4,"minecraft:iron_ingot":9,"minecraft:stone_pickaxe":1,"minecraft:soul_sand":4,"minecraft:dripstone_block":4,"minecraft:gravel":74,"minecraft:spruce_sapling":16,"minecraft:blast_furnace":2,"minecraft:white_bed":13,"minecraft:spruce_log":236,"minecraft:purple_bed":7,"minecraft:stone_axe":1,"minecraft:iron_helmet":1,"minecraft:gray_wool":1,"minecraft:coal":348,"minecraft:ender_pearl":2}},"DataVersion":3465}