{"stats":{"minecraft:killed":{"minecraft:pig":14,"minecraft:zombie_villager":1,"minecraft:salmon":3,"minecraft:spider":6,"minecraft:creeper":2,"minecraft:sheep":14,"minecraft:skeleton":10,"minecraft:zombie":24,"minecraft:chicken":8,"minecraft:silverfish":1,"minecraft:cow":5},"minecraft:used":{"minecraft:cooked_mutton":5,"minecraft:stone_pickaxe":191,"minecraft:oak_planks":98,"minecraft:cooked_chicken":5,"minecraft:wooden_pickaxe":10,"minecraft:rotten_flesh":3,"minecraft:iron_sword":147,"minecraft:shield":30,"minecraft:jungle_boat":1,"minecraft:torch":147,"minecraft:dirt":45,"minecraft:crafting_table":10,"minecraft:white_bed":1,"minecraft:dripstone_block":1,"minecraft:granite":1,"minecraft:iron_pickaxe":769,"minecraft:stone_axe":134,"minecraft:cobblestone":6,"minecraft:furnace":9,"minecraft:cooked_porkchop":12,"minecraft:cooked_beef":2,"minecraft:pointed_dripstone":4},"minecraft:broken":{"minecraft:stone_pickaxe":1,"minecraft:stone_axe":1,"minecraft:iron_pickaxe":3},"minecraft:crafted":{"minecraft:cooked_beef":9,"minecraft:oak_planks":128,"minecraft:cooked_porkchop":12,"minecraft:crafting_table":2,"minecraft:jungle_boat":1,"minecraft:iron_helmet":1,"minecraft:wooden_pickaxe":1,"minecraft:cooked_chicken":5,"minecraft:iron_sword":1,"minecraft:furnace":2,"minecraft:stone_axe":2,"minecraft:cooked_mutton":9,"minecraft:air":0,"minecraft:jungle_planks":28,"minecraft:iron_chestplate":1,"minecraft:iron_boots":1,"minecraft:shield":1,"minecraft:stick":68,"minecraft:iron_ingot":78,"minecraft:iron_pickaxe":4,"minecraft:stone_pickaxe":2,"minecraft:iron_leggings":1,"minecraft:white_bed":1,"minecraft:torch":140},"minecraft:dropped":{"minecraft:gravel":5,"minecraft:raw_copper":3,"minecraft:tuff":1,"minecraft:dripstone_block":3,"minecraft:pointed_dripstone":6,"minecraft:cobblestone":6,"minecraft:rotten_flesh":48,"minecraft:light_gray_wool":1,"minecraft:oak_planks":1,"minecraft:leather":2,"minecraft:granite":6,"minecraft:gray_wool":1,"minecraft:diorite":6,"minecraft:andesite":6,"minecraft:brown_wool":1,"minecraft:jungle_sapling":1,"minecraft:stone_pickaxe":2,"minecraft:beef":1,"minecraft:wooden_pickaxe":1,"minecraft:iron_pickaxe":1,"minecraft:string":7,"minecraft:pink_petals":36},"minecraft:mined":{"minecraft:infested_deepslate":1,"minecraft:deepslate_redstone_ore":4,"minecraft:diamond_ore":12,"minecraft:tuff":47,"minecraft:deepslate_diamond_ore":34,"minecraft:dandelion":1,"minecraft:crafting_table":10,"minecraft:torch":8,"minecraft:granite":16,"minecraft:emerald_ore":4,"minecraft:grass_block":3,"minecraft:jungle_log":7,"minecraft:sculk_sensor":1,"minecraft:deepslate_coal_ore":2,"minecraft:deepslate_gold_ore":21,"minecraft:lapis_ore":6,"minecraft:oak_planks":2,"minecraft:diorite":22,"minecraft:wall_torch":3,"minecraft:pink_petals":1,"minecraft:furnace":9,"minecraft:iron_ore":104,"minecraft:andesite":17,"minecraft:grass":4,"minecraft:coal_ore":107,"minecraft:pointed_dripstone":4,"minecraft:oak_log":32,"minecraft:deepslate_iron_ore":11,"minecraft:vine":2,"minecraft:gravel":8,"minecraft:dripstone_block":2,"minecraft:dirt":5,"minecraft:stone":391,"minecraft:gold_ore":7,"minecraft:oak_leaves":7,"minecraft:deepslate":150},"minecraft:picked_up":{"minecraft:pink_petals":36,"minecraft:crafting_table":10,"minecraft:jungle_boat":1,"minecraft:feather":9,"minecraft:chicken":11,"minecraft:andesite":6,"minecraft:salmon":3,"minecraft:jungle_log":7,"minecraft:leather":2,"minecraft:brown_wool":1,"minecraft:tuff":1,"minecraft:oak_log":32,"minecraft:gunpowder":4,"minecraft:lapis_lazuli":37,"minecraft:dirt":45,"minecraft:raw_copper":3,"minecraft:bone":9,"minecraft:raw_gold":28,"minecraft:iron_ingot":3,"minecraft:beef":11,"minecraft:stone_pickaxe":1,"minecraft:jungle_sapling":1,"minecraft:iron_pickaxe":1,"minecraft:light_gray_wool":1,"minecraft:oak_planks":3,"minecraft:furnace":9,"minecraft:raw_iron":236,"minecraft:stick":2,"minecraft:torch":10,"minecraft:dripstone_block":4,"minecraft:gravel":5,"minecraft:porkchop":26,"minecraft:pointed_dripstone":10,"minecraft:diorite":6,"minecraft:redstone":19,"minecraft:arrow":6,"minecraft:rotten_flesh":31,"minecraft:diamond":46,"minecraft:granite":7,"minecraft:gray_wool":1,"minecraft:emerald":4,"minecraft:oak_sapling":1,"minecraft:mutton":21,"minecraft:coal":329,"minecraft:white_wool":9,"minecraft:cobblestone":198},"minecraft:custom":{"minecraft:interact_with_furnace":52,"minecraft:mob_kills":91,"minecraft:interact_with_crafting_table":16,"minecraft:leave_game":17,"minecraft:time_since_death":107376,"minecraft:sleep_in_bed":1,"minecraft:climb_one_cm":1208,"minecraft:time_since_rest":73654,"minecraft:sprint_one_cm":346723,"minecraft:damage_taken":1537,"minecraft:walk_one_cm":133640,"minecraft:damage_blocked_by_shield":1160,"minecraft:drop":26,"minecraft:damage_dealt":12222,"minecraft:swim_one_cm":19193,"minecraft:fly_one_cm":353726,"minecraft:open_chest":2,"minecraft:play_time":107376,"minecraft:crouch_one_cm":88915,"minecraft:sneak_time":23645,"minecraft:walk_under_water_one_cm":7801,"minecraft:boat_one_cm":18549,"minecraft:jump":2335,"minecraft:walk_on_water_one_cm":8342,"minecraft:total_world_time":107376,"minecraft:fall_one_cm":72695}},"DataVersion":3465}