{"stats":{"minecraft:killed":{"minecraft:pig":14,"minecraft:zombie_villager":1,"minecraft:salmon":3,"minecraft:spider":5,"minecraft:creeper":2,"minecraft:skeleton":7,"minecraft:sheep":14,"minecraft:zombie":21,"minecraft:chicken":8,"minecraft:cow":5},"minecraft:used":{"minecraft:cooked_mutton":1,"minecraft:stone_pickaxe":191,"minecraft:oak_planks":98,"minecraft:wooden_pickaxe":10,"minecraft:shield":23,"minecraft:iron_sword":117,"minecraft:cooked_chicken":5,"minecraft:rotten_flesh":3,"minecraft:jungle_boat":1,"minecraft:torch":147,"minecraft:dirt":45,"minecraft:crafting_table":8,"minecraft:white_bed":1,"minecraft:dripstone_block":1,"minecraft:granite":1,"minecraft:iron_pickaxe":412,"minecraft:stone_axe":132,"minecraft:cobblestone":2,"minecraft:furnace":7,"minecraft:cooked_porkchop":12,"minecraft:cooked_beef":2,"minecraft:pointed_dripstone":4},"minecraft:broken":{"minecraft:stone_pickaxe":1,"minecraft:stone_axe":1,"minecraft:iron_pickaxe":1},"minecraft:crafted":{"minecraft:cooked_beef":9,"minecraft:oak_planks":128,"minecraft:cooked_porkchop":12,"minecraft:crafting_table":2,"minecraft:jungle_boat":1,"minecraft:iron_helmet":1,"minecraft:wooden_pickaxe":1,"minecraft:cooked_chicken":5,"minecraft:iron_sword":1,"minecraft:furnace":2,"minecraft:stone_axe":2,"minecraft:cooked_mutton":9,"minecraft:air":0,"minecraft:jungle_planks":28,"minecraft:iron_boots":1,"minecraft:iron_chestplate":1,"minecraft:shield":1,"minecraft:stick":52,"minecraft:iron_ingot":34,"minecraft:iron_pickaxe":2,"minecraft:stone_pickaxe":2,"minecraft:iron_leggings":1,"minecraft:white_bed":1,"minecraft:torch":140},"minecraft:dropped":{"minecraft:gravel":5,"minecraft:raw_copper":3,"minecraft:rotten_flesh":48,"minecraft:dripstone_block":3,"minecraft:pointed_dripstone":6,"minecraft:light_gray_wool":1,"minecraft:leather":2,"minecraft:granite":6,"minecraft:gray_wool":1,"minecraft:diorite":6,"minecraft:andesite":6,"minecraft:brown_wool":1,"minecraft:jungle_sapling":1,"minecraft:beef":1,"minecraft:stone_pickaxe":2,"minecraft:wooden_pickaxe":1,"minecraft:iron_pickaxe":1,"minecraft:string":7,"minecraft:pink_petals":36},"minecraft:mined":{"minecraft:deepslate_redstone_ore":4,"minecraft:tuff":9,"minecraft:deepslate_diamond_ore":1,"minecraft:dandelion":1,"minecraft:crafting_table":8,"minecraft:torch":8,"minecraft:granite":7,"minecraft:emerald_ore":4,"minecraft:grass_block":3,"minecraft:jungle_log":7,"minecraft:sculk_sensor":1,"minecraft:deepslate_coal_ore":2,"minecraft:deepslate_gold_ore":12,"minecraft:lapis_ore":6,"minecraft:oak_planks":2,"minecraft:diorite":8,"minecraft:wall_torch":3,"minecraft:pink_petals":1,"minecraft:furnace":7,"minecraft:iron_ore":99,"minecraft:andesite":17,"minecraft:grass":4,"minecraft:oak_log":32,"minecraft:pointed_dripstone":4,"minecraft:coal_ore":107,"minecraft:deepslate_iron_ore":10,"minecraft:vine":2,"minecraft:dirt":5,"minecraft:gravel":7,"minecraft:dripstone_block":2,"minecraft:stone":275,"minecraft:gold_ore":7,"minecraft:oak_leaves":7,"minecraft:deepslate":33},"minecraft:picked_up":{"minecraft:pink_petals":36,"minecraft:crafting_table":8,"minecraft:jungle_boat":1,"minecraft:feather":9,"minecraft:chicken":11,"minecraft:andesite":6,"minecraft:salmon":3,"minecraft:jungle_log":7,"minecraft:brown_wool":1,"minecraft:leather":2,"minecraft:oak_log":32,"minecraft:gunpowder":4,"minecraft:lapis_lazuli":37,"minecraft:dirt":45,"minecraft:raw_copper":3,"minecraft:bone":5,"minecraft:raw_gold":19,"minecraft:iron_ingot":1,"minecraft:beef":11,"minecraft:stone_pickaxe":1,"minecraft:jungle_sapling":1,"minecraft:iron_pickaxe":1,"minecraft:light_gray_wool":1,"minecraft:oak_planks":2,"minecraft:furnace":7,"minecraft:stick":2,"minecraft:raw_iron":205,"minecraft:torch":10,"minecraft:dripstone_block":4,"minecraft:gravel":5,"minecraft:porkchop":26,"minecraft:pointed_dripstone":10,"minecraft:diorite":6,"minecraft:redstone":19,"minecraft:arrow":3,"minecraft:rotten_flesh":31,"minecraft:diamond":1,"minecraft:granite":7,"minecraft:gray_wool":1,"minecraft:emerald":4,"minecraft:oak_sapling":1,"minecraft:mutton":21,"minecraft:coal":289,"minecraft:white_wool":9,"minecraft:cobblestone":158},"minecraft:custom":{"minecraft:interact_with_furnace":37,"minecraft:mob_kills":83,"minecraft:interact_with_crafting_table":14,"minecraft:leave_game":15,"minecraft:time_since_death":87150,"minecraft:sleep_in_bed":1,"minecraft:climb_one_cm":1208,"minecraft:time_since_rest":53428,"minecraft:sprint_one_cm":323579,"minecraft:damage_taken":1182,"minecraft:walk_one_cm":116786,"minecraft:damage_blocked_by_shield":970,"minecraft:drop":23,"minecraft:damage_dealt":10747,"minecraft:swim_one_cm":19193,"minecraft:fly_one_cm":334788,"minecraft:open_chest":2,"minecraft:play_time":87150,"minecraft:crouch_one_cm":61715,"minecraft:sneak_time":15517,"minecraft:walk_under_water_one_cm":7801,"minecraft:boat_one_cm":18549,"minecraft:jump":2190,"minecraft:walk_on_water_one_cm":8342,"minecraft:total_world_time":87150,"minecraft:fall_one_cm":64796}},"DataVersion":3465}