{"stats":{"minecraft:killed":{"minecraft:sheep":8,"minecraft:zombie":4,"minecraft:pig":8,"minecraft:chicken":8,"minecraft:salmon":3,"minecraft:creeper":2,"minecraft:cow":5},"minecraft:used":{"minecraft:stone_pickaxe":78,"minecraft:oak_planks":14,"minecraft:wooden_pickaxe":10,"minecraft:cooked_chicken":5,"minecraft:rotten_flesh":3,"minecraft:jungle_boat":1,"minecraft:stone_axe":103,"minecraft:torch":53,"minecraft:crafting_table":5,"minecraft:furnace":2},"minecraft:broken":{"minecraft:stone_axe":1},"minecraft:crafted":{"minecraft:oak_planks":128,"minecraft:shield":1,"minecraft:crafting_table":1,"minecraft:stick":48,"minecraft:jungle_boat":1,"minecraft:wooden_pickaxe":1,"minecraft:iron_ingot":3,"minecraft:cooked_chicken":5,"minecraft:stone_pickaxe":1,"minecraft:furnace":1,"minecraft:torch":112,"minecraft:stone_axe":2,"minecraft:air":0,"minecraft:jungle_planks":28},"minecraft:mined":{"minecraft:pink_petals":1,"minecraft:furnace":2,"minecraft:iron_ore":6,"minecraft:crafting_table":5,"minecraft:torch":7,"minecraft:grass":1,"minecraft:coal_ore":46,"minecraft:oak_log":32,"minecraft:vine":2,"minecraft:jungle_log":7,"minecraft:stone":34,"minecraft:wall_torch":3,"minecraft:oak_leaves":7},"minecraft:picked_up":{"minecraft:crafting_table":5,"minecraft:stick":2,"minecraft:raw_iron":7,"minecraft:jungle_boat":1,"minecraft:feather":9,"minecraft:chicken":11,"minecraft:salmon":3,"minecraft:jungle_log":7,"minecraft:brown_wool":1,"minecraft:leather":2,"minecraft:torch":9,"minecraft:porkchop":14,"minecraft:oak_log":32,"minecraft:gunpowder":3,"minecraft:rotten_flesh":5,"minecraft:beef":10,"minecraft:gray_wool":1,"minecraft:jungle_sapling":1,"minecraft:light_gray_wool":1,"minecraft:oak_sapling":1,"minecraft:mutton":11,"minecraft:coal":87,"minecraft:white_wool":5,"minecraft:cobblestone":34,"minecraft:furnace":2},"minecraft:custom":{"minecraft:time_since_rest":30579,"minecraft:sprint_one_cm":111297,"minecraft:interact_with_furnace":8,"minecraft:damage_taken":200,"minecraft:walk_one_cm":44449,"minecraft:mob_kills":38,"minecraft:damage_dealt":3551,"minecraft:swim_one_cm":17491,"minecraft:interact_with_crafting_table":8,"minecraft:fly_one_cm":122429,"minecraft:crouch_one_cm":11285,"minecraft:play_time":30579,"minecraft:sneak_time":2623,"minecraft:walk_under_water_one_cm":6291,"minecraft:boat_one_cm":18549,"minecraft:jump":718,"minecraft:leave_game":12,"minecraft:time_since_death":30579,"minecraft:walk_on_water_one_cm":7225,"minecraft:total_world_time":30579,"minecraft:climb_one_cm":1208,"minecraft:fall_one_cm":18646}},"DataVersion":3465}