{"stats":{"minecraft:killed":{"minecraft:pig":8,"minecraft:zombie_villager":1,"minecraft:salmon":3,"minecraft:spider":1,"minecraft:creeper":2,"minecraft:skeleton":2,"minecraft:sheep":8,"minecraft:zombie":12,"minecraft:chicken":8,"minecraft:cow":5},"minecraft:used":{"minecraft:stone_pickaxe":191,"minecraft:oak_planks":98,"minecraft:wooden_pickaxe":10,"minecraft:shield":13,"minecraft:iron_sword":21,"minecraft:cooked_chicken":5,"minecraft:rotten_flesh":3,"minecraft:jungle_boat":1,"minecraft:torch":147,"minecraft:dirt":45,"minecraft:crafting_table":7,"minecraft:white_bed":1,"minecraft:dripstone_block":1,"minecraft:granite":1,"minecraft:iron_pickaxe":250,"minecraft:stone_axe":130,"minecraft:cobblestone":2,"minecraft:furnace":5,"minecraft:cooked_porkchop":11,"minecraft:pointed_dripstone":4},"minecraft:broken":{"minecraft:stone_pickaxe":1,"minecraft:stone_axe":1,"minecraft:iron_pickaxe":1},"minecraft:crafted":{"minecraft:oak_planks":128,"minecraft:cooked_porkchop":12,"minecraft:crafting_table":2,"minecraft:jungle_boat":1,"minecraft:iron_helmet":1,"minecraft:wooden_pickaxe":1,"minecraft:cooked_chicken":5,"minecraft:iron_sword":1,"minecraft:furnace":2,"minecraft:stone_axe":2,"minecraft:air":0,"minecraft:jungle_planks":28,"minecraft:iron_boots":1,"minecraft:iron_chestplate":1,"minecraft:shield":1,"minecraft:stick":52,"minecraft:iron_ingot":32,"minecraft:iron_pickaxe":1,"minecraft:stone_pickaxe":2,"minecraft:iron_leggings":1,"minecraft:white_bed":1,"minecraft:torch":140},"minecraft:dropped":{"minecraft:gravel":5,"minecraft:raw_copper":3,"minecraft:dripstone_block":3,"minecraft:pointed_dripstone":6,"minecraft:light_gray_wool":1,"minecraft:granite":6,"minecraft:gray_wool":1,"minecraft:andesite":6,"minecraft:brown_wool":1,"minecraft:jungle_sapling":1,"minecraft:wooden_pickaxe":1,"minecraft:stone_pickaxe":2,"minecraft:iron_pickaxe":1,"minecraft:pink_petals":36},"minecraft:mined":{"minecraft:deepslate_redstone_ore":4,"minecraft:tuff":9,"minecraft:deepslate_diamond_ore":1,"minecraft:granite":7,"minecraft:crafting_table":6,"minecraft:torch":8,"minecraft:jungle_log":7,"minecraft:sculk_sensor":1,"minecraft:deepslate_gold_ore":12,"minecraft:lapis_ore":6,"minecraft:deepslate_coal_ore":2,"minecraft:oak_planks":2,"minecraft:diorite":8,"minecraft:wall_torch":3,"minecraft:pink_petals":1,"minecraft:furnace":3,"minecraft:iron_ore":88,"minecraft:andesite":17,"minecraft:grass":1,"minecraft:oak_log":32,"minecraft:pointed_dripstone":4,"minecraft:coal_ore":107,"minecraft:deepslate_iron_ore":10,"minecraft:vine":2,"minecraft:gravel":7,"minecraft:dripstone_block":2,"minecraft:stone":132,"minecraft:gold_ore":7,"minecraft:deepslate":33,"minecraft:oak_leaves":7},"minecraft:picked_up":{"minecraft:pink_petals":36,"minecraft:crafting_table":6,"minecraft:jungle_boat":1,"minecraft:feather":9,"minecraft:chicken":11,"minecraft:andesite":6,"minecraft:salmon":3,"minecraft:jungle_log":7,"minecraft:brown_wool":1,"minecraft:leather":2,"minecraft:oak_log":32,"minecraft:gunpowder":3,"minecraft:lapis_lazuli":37,"minecraft:dirt":45,"minecraft:raw_copper":3,"minecraft:bone":2,"minecraft:raw_gold":19,"minecraft:beef":10,"minecraft:iron_pickaxe":1,"minecraft:stone_pickaxe":1,"minecraft:jungle_sapling":1,"minecraft:light_gray_wool":1,"minecraft:oak_planks":2,"minecraft:furnace":3,"minecraft:stick":2,"minecraft:raw_iron":134,"minecraft:torch":10,"minecraft:dripstone_block":4,"minecraft:gravel":5,"minecraft:porkchop":14,"minecraft:pointed_dripstone":10,"minecraft:redstone":19,"minecraft:rotten_flesh":20,"minecraft:arrow":2,"minecraft:diamond":1,"minecraft:granite":7,"minecraft:gray_wool":1,"minecraft:oak_sapling":1,"minecraft:mutton":11,"minecraft:coal":191,"minecraft:white_wool":5,"minecraft:cobblestone":100},"minecraft:custom":{"minecraft:interact_with_furnace":21,"minecraft:mob_kills":53,"minecraft:interact_with_crafting_table":13,"minecraft:leave_game":14,"minecraft:time_since_death":70171,"minecraft:sleep_in_bed":1,"minecraft:climb_one_cm":1208,"minecraft:time_since_rest":36449,"minecraft:sprint_one_cm":261992,"minecraft:damage_taken":1003,"minecraft:walk_one_cm":88404,"minecraft:damage_blocked_by_shield":730,"minecraft:drop":18,"minecraft:damage_dealt":6188,"minecraft:swim_one_cm":19193,"minecraft:fly_one_cm":226907,"minecraft:open_chest":2,"minecraft:crouch_one_cm":56414,"minecraft:play_time":70171,"minecraft:sneak_time":13602,"minecraft:walk_under_water_one_cm":7801,"minecraft:boat_one_cm":18549,"minecraft:jump":1671,"minecraft:walk_on_water_one_cm":8342,"minecraft:total_world_time":70171,"minecraft:fall_one_cm":47844}},"DataVersion":3465}