{"stats":{"minecraft:used":{"minecraft:spruce_slab":19,"minecraft:chest":3,"minecraft:shield":67,"minecraft:stone":7,"minecraft:iron_sword":158,"minecraft:rotten_flesh":3,"minecraft:nether_bricks":16,"minecraft:carrot":137,"minecraft:bow":3,"minecraft:furnace":17,"minecraft:egg":1,"minecraft:potato":32,"minecraft:diorite":3,"minecraft:stone_pickaxe":191,"minecraft:oak_planks":98,"minecraft:wooden_pickaxe":10,"minecraft:sugar_cane":89,"minecraft:blue_bed":8,"minecraft:diamond_axe":766,"minecraft:jungle_boat":3,"minecraft:dripstone_block":1,"minecraft:bread":28,"minecraft:lectern":77,"minecraft:diamond_sword":424,"minecraft:bone_meal":302,"minecraft:enchanting_table":1,"minecraft:flint_and_steel":3,"minecraft:spruce_planks":905,"minecraft:ender_chest":4,"minecraft:cooked_chicken":8,"minecraft:netherrack":635,"minecraft:torch":180,"minecraft:brewing_stand":3,"minecraft:dirt":325,"minecraft:anvil":1,"minecraft:cobblestone_wall":1,"minecraft:granite":1,"minecraft:iron_hoe":53,"minecraft:cooked_beef":22,"minecraft:cobbled_deepslate":190,"minecraft:pointed_dripstone":4,"minecraft:cooked_mutton":9,"minecraft:water_bucket":139,"minecraft:cobblestone_stairs":1,"minecraft:birch_boat":2,"minecraft:fletching_table":2,"minecraft:crafting_table":18,"minecraft:white_bed":15,"minecraft:spruce_log":1,"minecraft:diamond_pickaxe":1267,"minecraft:diamond_shovel":356,"minecraft:iron_pickaxe":1000,"minecraft:stone_slab":10,"minecraft:spruce_sapling":30,"minecraft:stone_axe":134,"minecraft:pink_petals":1,"minecraft:cobblestone":211,"minecraft:purple_bed":14,"minecraft:cooked_porkchop":25,"minecraft:bucket":140,"minecraft:yellow_bed":4},"minecraft:crafted":{"minecraft:ender_chest":2,"minecraft:oak_planks":128,"minecraft:blaze_powder":2,"minecraft:birch_boat":1,"minecraft:cooked_chicken":8,"minecraft:stone":10,"minecraft:diamond_shovel":1,"minecraft:bookshelf":2,"minecraft:cooked_mutton":9,"minecraft:diamond_helmet":1,"minecraft:diamond_leggings":1,"minecraft:iron_boots":1,"minecraft:chest":3,"minecraft:ender_eye":2,"minecraft:emerald":1,"minecraft:cooked_porkchop":25,"minecraft:diamond_axe":1,"minecraft:crafting_table":5,"minecraft:spruce_planks":936,"minecraft:jungle_boat":1,"minecraft:wooden_pickaxe":1,"minecraft:iron_helmet":1,"minecraft:fletching_table":2,"minecraft:birch_planks":12,"minecraft:brewing_stand":1,"minecraft:lectern":2,"minecraft:iron_chestplate":1,"minecraft:book":6,"minecraft:paper":39,"minecraft:diamond_pickaxe":2,"minecraft:shield":1,"minecraft:stick":182,"minecraft:stone_slab":6,"minecraft:iron_ingot":107,"minecraft:iron_pickaxe":4,"minecraft:iron_block":3,"minecraft:gold_ingot":2,"minecraft:furnace":4,"minecraft:bone_meal":315,"minecraft:flint_and_steel":1,"minecraft:spruce_slab":18,"minecraft:iron_hoe":1,"minecraft:stone_pickaxe":2,"minecraft:diamond_boots":1,"minecraft:wheat":414,"minecraft:cooked_beef":22,"minecraft:diamond_sword":1,"minecraft:enchanting_table":1,"minecraft:iron_sword":1,"minecraft:bucket":1,"minecraft:stone_axe":2,"minecraft:enchanted_book":1,"minecraft:bread":138,"minecraft:air":0,"minecraft:jungle_planks":28,"minecraft:iron_leggings":1,"minecraft:anvil":1,"minecraft:white_bed":2,"minecraft:torch":196,"minecraft:diamond_chestplate":1},"minecraft:custom":{"minecraft:interact_with_crafting_table":51,"minecraft:leave_game":25,"minecraft:time_since_death":411509,"minecraft:sprint_one_cm":1140270,"minecraft:damage_blocked_by_shield":3080,"minecraft:drop":87,"minecraft:talked_to_villager":213,"minecraft:play_time":411509,"minecraft:jump":7441,"minecraft:walk_on_water_one_cm":45344,"minecraft:enchant_item":7,"minecraft:interact_with_furnace":90,"minecraft:traded_with_villager":2,"minecraft:sleep_in_bed":4,"minecraft:open_enderchest":37,"minecraft:damage_dealt":38621,"minecraft:crouch_one_cm":294106,"minecraft:mob_kills":223,"minecraft:interact_with_anvil":1,"minecraft:climb_one_cm":1822,"minecraft:walk_one_cm":743661,"minecraft:sneak_time":68864,"minecraft:walk_under_water_one_cm":38658,"minecraft:boat_one_cm":189229,"minecraft:total_world_time":411509,"minecraft:interact_with_grindstone":1,"minecraft:time_since_rest":152384,"minecraft:damage_taken":4648,"minecraft:swim_one_cm":94595,"minecraft:fly_one_cm":1275955,"minecraft:open_chest":51,"minecraft:fall_one_cm":197807},"minecraft:mined":{"minecraft:spruce_planks":220,"minecraft:white_bed":13,"minecraft:cobblestone_stairs":4,"minecraft:brewing_stand":3,"minecraft:obsidian":20,"minecraft:granite":21,"minecraft:grass_block":156,"minecraft:jungle_log":7,"minecraft:soul_soil":7,"minecraft:composter":1,"minecraft:tall_seagrass":3,"minecraft:iron_ore":110,"minecraft:cobbled_deepslate":25,"minecraft:fire":24,"minecraft:fletching_table":1,"minecraft:deepslate_lapis_ore":12,"minecraft:anvil":1,"minecraft:enchanting_table":1,"minecraft:pointed_dripstone":4,"minecraft:dirt_path":1,"minecraft:spruce_slab":14,"minecraft:deepslate_redstone_ore":4,"minecraft:soul_fire":1,"minecraft:torch":14,"minecraft:blast_furnace":2,"minecraft:chest":1,"minecraft:cobblestone":22,"minecraft:grindstone":4,"minecraft:sugar_cane":97,"minecraft:oak_planks":2,"minecraft:wall_torch":3,"minecraft:pink_petals":2,"minecraft:seagrass":4,"minecraft:birch_log":3,"minecraft:wheat":15,"minecraft:grass":33,"minecraft:oak_log":32,"minecraft:beetroots":3,"minecraft:dirt":169,"minecraft:stonecutter":1,"minecraft:netherrack":672,"minecraft:oak_leaves":7,"minecraft:deepslate":377,"minecraft:infested_deepslate":1,"minecraft:nether_gold_ore":6,"minecraft:diamond_ore":13,"minecraft:tuff":54,"minecraft:deepslate_diamond_ore":37,"minecraft:nether_bricks":75,"minecraft:spruce_leaves":191,"minecraft:cartography_table":1,"minecraft:large_fern":3,"minecraft:hay_block":46,"minecraft:spruce_sapling":3,"minecraft:furnace":13,"minecraft:carrots":115,"minecraft:andesite":22,"minecraft:nether_brick_fence":1,"minecraft:potatoes":35,"minecraft:deepslate_iron_ore":26,"minecraft:vine":2,"minecraft:stone":635,"minecraft:bone_block":57,"minecraft:ender_chest":3,"minecraft:podzol":1,"minecraft:soul_sand":4,"minecraft:basalt":3,"minecraft:dandelion":1,"minecraft:crafting_table":14,"minecraft:emerald_ore":4,"minecraft:sculk_sensor":1,"minecraft:lectern":77,"minecraft:stone_slab":7,"minecraft:tall_grass":1,"minecraft:deepslate_coal_ore":2,"minecraft:lapis_ore":11,"minecraft:deepslate_gold_ore":44,"minecraft:diorite":38,"minecraft:blue_bed":8,"minecraft:purple_bed":14,"minecraft:cobblestone_wall":1,"minecraft:spruce_log":428,"minecraft:yellow_bed":4,"minecraft:coal_ore":114,"minecraft:gravel":116,"minecraft:dripstone_block":4,"minecraft:gold_ore":7,"minecraft:fern":3},"minecraft:dropped":{"minecraft:iron_sword":1,"minecraft:soul_sand":12,"minecraft:crafting_table":1,"minecraft:leather":2,"minecraft:cobblestone_stairs":3,"minecraft:dirt":7,"minecraft:jungle_sapling":1,"minecraft:iron_pickaxe":1,"minecraft:armor_stand":2,"minecraft:gravel":6,"minecraft:stone_axe":2,"minecraft:pointed_dripstone":6,"minecraft:beetroot":1,"minecraft:rotten_flesh":55,"minecraft:oak_planks":2,"minecraft:salmon":5,"minecraft:carrot":169,"minecraft:beetroot_seeds":5,"minecraft:chest":1,"minecraft:spruce_slab":2,"minecraft:arrow":2,"minecraft:beef":1,"minecraft:cartography_table":1,"minecraft:iron_ingot":1,"minecraft:wheat_seeds":19,"minecraft:dripstone_block":3,"minecraft:iron_helmet":2,"minecraft:cobblestone":15,"minecraft:granite":6,"minecraft:stick":2,"minecraft:gray_wool":1,"minecraft:diorite":6,"minecraft:torch":1,"minecraft:brown_wool":1,"minecraft:iron_leggings":1,"minecraft:string":9,"minecraft:pink_petals":36,"minecraft:spruce_sapling":3,"minecraft:soul_soil":7,"minecraft:raw_copper":3,"minecraft:tuff":1,"minecraft:light_gray_wool":1,"minecraft:iron_boots":1,"minecraft:stone_slab":6,"minecraft:nether_bricks":58,"minecraft:spruce_planks":55,"minecraft:andesite":11,"minecraft:iron_chestplate":1,"minecraft:spruce_log":5,"minecraft:bow":1,"minecraft:stone_pickaxe":2,"minecraft:wooden_pickaxe":1,"minecraft:magma_cream":1},"minecraft:killed":{"minecraft:spider":13,"minecraft:skeleton":34,"minecraft:chicken":8,"minecraft:silverfish":1,"minecraft:magma_cube":1,"minecraft:pig":22,"minecraft:zombie_villager":1,"minecraft:salmon":4,"minecraft:iron_golem":2,"minecraft:creeper":3,"minecraft:sheep":19,"minecraft:zombie":56,"minecraft:ghast":1,"minecraft:cow":13,"minecraft:blaze":35,"minecraft:drowned":1,"minecraft:enderman":3},"minecraft:broken":{"minecraft:stone_pickaxe":1,"minecraft:stone_axe":1,"minecraft:shield":1,"minecraft:iron_pickaxe":4},"minecraft:picked_up":{"minecraft:ender_chest":3,"minecraft:anvil":1,"minecraft:stone_slab":13,"minecraft:brewing_stand":3,"minecraft:string":2,"minecraft:raw_copper":3,"minecraft:soul_soil":7,"minecraft:armor_stand":2,"minecraft:beetroot":1,"minecraft:gold_nugget":20,"minecraft:cobbled_deepslate":176,"minecraft:spruce_planks":272,"minecraft:iron_pickaxe":1,"minecraft:furnace":13,"minecraft:stick":28,"minecraft:composter":1,"minecraft:torch":16,"minecraft:porkchop":38,"minecraft:pointed_dripstone":10,"minecraft:diorite":9,"minecraft:rotten_flesh":44,"minecraft:bookshelf":1,"minecraft:blaze_rod":19,"minecraft:obsidian":20,"minecraft:cobblestone":320,"minecraft:birch_log":3,"minecraft:enchanting_table":1,"minecraft:pink_petals":37,"minecraft:feather":9,"minecraft:magma_cream":1,"minecraft:andesite":11,"minecraft:jungle_log":7,"minecraft:brown_wool":1,"minecraft:potato":94,"minecraft:flint":6,"minecraft:tuff":1,"minecraft:lapis_lazuli":132,"minecraft:dirt":341,"minecraft:bone":25,"minecraft:stonecutter":1,"minecraft:bow":3,"minecraft:wheat_seeds":19,"minecraft:raw_gold":51,"minecraft:grindstone":4,"minecraft:fletching_table":1,"minecraft:oak_planks":3,"minecraft:diamond":50,"minecraft:granite":12,"minecraft:emerald":4,"minecraft:oak_sapling":1,"minecraft:netherrack":667,"minecraft:crafting_table":14,"minecraft:chicken":11,"minecraft:cartography_table":2,"minecraft:beef":30,"minecraft:jungle_sapling":1,"minecraft:spruce_slab":14,"minecraft:light_gray_wool":1,"minecraft:lectern":77,"minecraft:sugar_cane":128,"minecraft:chest":1,"minecraft:egg":3,"minecraft:raw_iron":257,"minecraft:carrot":322,"minecraft:redstone":19,"minecraft:arrow":27,"minecraft:beetroot_seeds":5,"minecraft:nether_bricks":74,"minecraft:hay_block":46,"minecraft:mutton":27,"minecraft:white_wool":13,"minecraft:bone_block":57,"minecraft:jungle_boat":3,"minecraft:basalt":3,"minecraft:salmon":5,"minecraft:leather":9,"minecraft:oak_log":32,"minecraft:gunpowder":6,"minecraft:yellow_bed":4,"minecraft:cobblestone_wall":1,"minecraft:cobblestone_stairs":4,"minecraft:blue_bed":8,"minecraft:iron_ingot":9,"minecraft:stone_pickaxe":1,"minecraft:soul_sand":12,"minecraft:birch_boat":1,"minecraft:dripstone_block":4,"minecraft:gravel":76,"minecraft:spruce_sapling":45,"minecraft:blast_furnace":2,"minecraft:white_bed":13,"minecraft:spruce_log":432,"minecraft:spider_eye":1,"minecraft:purple_bed":14,"minecraft:stone_axe":1,"minecraft:iron_helmet":1,"minecraft:gray_wool":1,"minecraft:coal":348,"minecraft:ender_pearl":2}},"DataVersion":3465}