{"stats":{"minecraft:killed":{"minecraft:zombie":4,"minecraft:pig":4,"minecraft:chicken":8,"minecraft:salmon":3,"minecraft:creeper":2,"minecraft:cow":1},"minecraft:used":{"minecraft:stone_pickaxe":76,"minecraft:oak_planks":10,"minecraft:wooden_pickaxe":10,"minecraft:cooked_chicken":3,"minecraft:rotten_flesh":3,"minecraft:jungle_boat":1,"minecraft:stone_axe":81,"minecraft:torch":44,"minecraft:crafting_table":4,"minecraft:furnace":2},"minecraft:crafted":{"minecraft:oak_planks":128,"minecraft:shield":1,"minecraft:crafting_table":1,"minecraft:stick":32,"minecraft:jungle_boat":1,"minecraft:wooden_pickaxe":1,"minecraft:iron_ingot":3,"minecraft:stone_pickaxe":1,"minecraft:cooked_chicken":5,"minecraft:furnace":1,"minecraft:torch":112,"minecraft:stone_axe":1,"minecraft:air":0,"minecraft:jungle_planks":28},"minecraft:mined":{"minecraft:furnace":2,"minecraft:iron_ore":4,"minecraft:crafting_table":4,"minecraft:torch":1,"minecraft:grass":1,"minecraft:coal_ore":46,"minecraft:oak_log":32,"minecraft:vine":2,"minecraft:jungle_log":7,"minecraft:stone":34,"minecraft:oak_leaves":7,"minecraft:wall_torch":3},"minecraft:picked_up":{"minecraft:crafting_table":4,"minecraft:stick":2,"minecraft:raw_iron":5,"minecraft:jungle_boat":1,"minecraft:feather":9,"minecraft:chicken":11,"minecraft:salmon":3,"minecraft:jungle_log":7,"minecraft:torch":4,"minecraft:porkchop":7,"minecraft:oak_log":32,"minecraft:gunpowder":3,"minecraft:rotten_flesh":5,"minecraft:beef":1,"minecraft:jungle_sapling":1,"minecraft:oak_sapling":1,"minecraft:coal":87,"minecraft:cobblestone":34,"minecraft:furnace":2},"minecraft:custom":{"minecraft:time_since_rest":24630,"minecraft:sprint_one_cm":72081,"minecraft:interact_with_furnace":8,"minecraft:damage_taken":180,"minecraft:walk_one_cm":39326,"minecraft:mob_kills":22,"minecraft:damage_dealt":2111,"minecraft:swim_one_cm":17491,"minecraft:interact_with_crafting_table":7,"minecraft:fly_one_cm":57949,"minecraft:crouch_one_cm":10994,"minecraft:play_time":24630,"minecraft:sneak_time":2543,"minecraft:walk_under_water_one_cm":6291,"minecraft:boat_one_cm":18549,"minecraft:jump":415,"minecraft:leave_game":11,"minecraft:time_since_death":24630,"minecraft:walk_on_water_one_cm":7225,"minecraft:total_world_time":24630,"minecraft:climb_one_cm":1208,"minecraft:fall_one_cm":8020}},"DataVersion":3465}