{"stats":{"minecraft:killed":{"minecraft:zombie":3},"minecraft:used":{"minecraft:rotten_flesh":2,"minecraft:stone_axe":51,"minecraft:crafting_table":1,"minecraft:stone_pickaxe":15,"minecraft:wooden_pickaxe":10},"minecraft:crafted":{"minecraft:stone_axe":1,"minecraft:crafting_table":1,"minecraft:stick":12,"minecraft:wooden_pickaxe":1,"minecraft:stone_pickaxe":1,"minecraft:jungle_planks":28},"minecraft:mined":{"minecraft:oak_log":32,"minecraft:coal_ore":10,"minecraft:vine":2,"minecraft:jungle_log":7,"minecraft:stone":15,"minecraft:oak_leaves":7,"minecraft:crafting_table":1},"minecraft:picked_up":{"minecraft:stick":2,"minecraft:crafting_table":1,"minecraft:rotten_flesh":3,"minecraft:jungle_log":7,"minecraft:oak_log":32,"minecraft:jungle_sapling":1,"minecraft:oak_sapling":1,"minecraft:coal":10,"minecraft:cobblestone":15},"minecraft:custom":{"minecraft:time_since_rest":9544,"minecraft:crouch_one_cm":4988,"minecraft:play_time":9544,"minecraft:sprint_one_cm":13289,"minecraft:damage_taken":155,"minecraft:walk_one_cm":14257,"minecraft:sneak_time":1211,"minecraft:walk_under_water_one_cm":2051,"minecraft:mob_kills":3,"minecraft:jump":73,"minecraft:damage_dealt":601,"minecraft:leave_game":2,"minecraft:time_since_death":9544,"minecraft:walk_on_water_one_cm":2574,"minecraft:swim_one_cm":1000,"minecraft:total_world_time":9544,"minecraft:climb_one_cm":1208,"minecraft:interact_with_crafting_table":4,"minecraft:fly_one_cm":8132,"minecraft:fall_one_cm":1872}},"DataVersion":3465}