{"stats":{"minecraft:killed":{"minecraft:pig":8,"minecraft:salmon":3,"minecraft:spider":1,"minecraft:creeper":2,"minecraft:skeleton":2,"minecraft:sheep":8,"minecraft:zombie":8,"minecraft:chicken":8,"minecraft:cow":5},"minecraft:used":{"minecraft:stone_pickaxe":131,"minecraft:oak_planks":98,"minecraft:wooden_pickaxe":10,"minecraft:shield":13,"minecraft:cooked_chicken":5,"minecraft:rotten_flesh":3,"minecraft:jungle_boat":1,"minecraft:torch":113,"minecraft:dirt":1,"minecraft:crafting_table":7,"minecraft:white_bed":1,"minecraft:dripstone_block":1,"minecraft:stone_axe":129,"minecraft:cobblestone":2,"minecraft:furnace":4,"minecraft:cooked_porkchop":6,"minecraft:pointed_dripstone":4},"minecraft:broken":{"minecraft:stone_pickaxe":1,"minecraft:stone_axe":1},"minecraft:crafted":{"minecraft:oak_planks":128,"minecraft:cooked_porkchop":12,"minecraft:crafting_table":2,"minecraft:jungle_boat":1,"minecraft:wooden_pickaxe":1,"minecraft:cooked_chicken":5,"minecraft:furnace":2,"minecraft:stone_axe":2,"minecraft:air":0,"minecraft:jungle_planks":28,"minecraft:shield":1,"minecraft:stick":48,"minecraft:iron_ingot":3,"minecraft:stone_pickaxe":1,"minecraft:white_bed":1,"minecraft:torch":112},"minecraft:dropped":{"minecraft:pointed_dripstone":2,"minecraft:pink_petals":18},"minecraft:mined":{"minecraft:crafting_table":5,"minecraft:torch":7,"minecraft:jungle_log":7,"minecraft:oak_planks":2,"minecraft:wall_torch":3,"minecraft:pink_petals":1,"minecraft:furnace":2,"minecraft:iron_ore":44,"minecraft:grass":1,"minecraft:oak_log":32,"minecraft:pointed_dripstone":4,"minecraft:coal_ore":46,"minecraft:vine":2,"minecraft:gravel":5,"minecraft:dripstone_block":2,"minecraft:stone":45,"minecraft:oak_leaves":7},"minecraft:picked_up":{"minecraft:pink_petals":36,"minecraft:crafting_table":5,"minecraft:jungle_boat":1,"minecraft:feather":9,"minecraft:chicken":11,"minecraft:andesite":6,"minecraft:salmon":3,"minecraft:jungle_log":7,"minecraft:brown_wool":1,"minecraft:leather":2,"minecraft:oak_log":32,"minecraft:gunpowder":3,"minecraft:dirt":45,"minecraft:raw_copper":3,"minecraft:bone":2,"minecraft:beef":10,"minecraft:jungle_sapling":1,"minecraft:light_gray_wool":1,"minecraft:oak_planks":2,"minecraft:furnace":2,"minecraft:stick":2,"minecraft:raw_iron":45,"minecraft:torch":9,"minecraft:dripstone_block":4,"minecraft:gravel":5,"minecraft:porkchop":14,"minecraft:pointed_dripstone":10,"minecraft:rotten_flesh":15,"minecraft:arrow":2,"minecraft:gray_wool":1,"minecraft:oak_sapling":1,"minecraft:mutton":11,"minecraft:coal":87,"minecraft:white_wool":5,"minecraft:cobblestone":47},"minecraft:custom":{"minecraft:interact_with_furnace":14,"minecraft:mob_kills":48,"minecraft:interact_with_crafting_table":11,"minecraft:leave_game":13,"minecraft:time_since_death":48430,"minecraft:sleep_in_bed":1,"minecraft:climb_one_cm":1208,"minecraft:time_since_rest":14708,"minecraft:sprint_one_cm":183607,"minecraft:damage_taken":715,"minecraft:walk_one_cm":67373,"minecraft:damage_blocked_by_shield":730,"minecraft:drop":3,"minecraft:damage_dealt":5188,"minecraft:swim_one_cm":17491,"minecraft:fly_one_cm":184247,"minecraft:crouch_one_cm":25547,"minecraft:play_time":48430,"minecraft:sneak_time":6020,"minecraft:walk_under_water_one_cm":6361,"minecraft:boat_one_cm":18549,"minecraft:jump":1247,"minecraft:walk_on_water_one_cm":8177,"minecraft:total_world_time":48430,"minecraft:fall_one_cm":40757}},"DataVersion":3465}