{"stats":{"minecraft:used":{"minecraft:tropical_fish":1,"minecraft:wooden_pickaxe":47},"minecraft:crafted":{"minecraft:stick":4,"minecraft:wooden_pickaxe":1,"minecraft:jungle_planks":32},"minecraft:custom":{"minecraft:time_since_rest":9539,"minecraft:play_time":9539,"minecraft:sprint_one_cm":3351,"minecraft:damage_taken":60,"minecraft:walk_one_cm":11391,"minecraft:sneak_time":20,"minecraft:walk_under_water_one_cm":7845,"minecraft:mob_kills":1,"minecraft:jump":87,"minecraft:damage_dealt":49,"minecraft:leave_game":1,"minecraft:time_since_death":9539,"minecraft:walk_on_water_one_cm":8639,"minecraft:total_world_time":9539,"minecraft:climb_one_cm":4878,"minecraft:interact_with_crafting_table":1,"minecraft:swim_one_cm":31058,"minecraft:fall_one_cm":1463,"minecraft:fly_one_cm":9628},"minecraft:mined":{"minecraft:vine":1,"minecraft:jungle_log":8,"minecraft:kelp_plant":48,"minecraft:jungle_leaves":5,"minecraft:stone":3,"minecraft:kelp":4},"minecraft:killed":{"minecraft:tropical_fish":1},"minecraft:picked_up":{"minecraft:stick":1,"minecraft:tropical_fish":1,"minecraft:jungle_log":8,"minecraft:kelp":85,"minecraft:cobblestone":3}},"DataVersion":3465}