{"stats":{"minecraft:used":{"minecraft:diorite":3,"minecraft:stone_pickaxe":120,"minecraft:shield":13,"minecraft:wooden_pickaxe":6,"minecraft:jungle_boat":3,"minecraft:dirt":1,"minecraft:crafting_table":8,"minecraft:white_bed":4,"minecraft:wooden_axe":40,"minecraft:iron_axe":43,"minecraft:iron_pickaxe":88,"minecraft:iron_boots":1,"minecraft:gravel":14,"minecraft:golden_leggings":1,"minecraft:stone_axe":42,"minecraft:furnace":3,"minecraft:cooked_porkchop":8,"minecraft:jungle_door":3,"minecraft:andesite":8,"minecraft:golden_pickaxe":6},"minecraft:crafted":{"minecraft:cooked_porkchop":16,"minecraft:crafting_table":2,"minecraft:jungle_boat":1,"minecraft:wooden_pickaxe":1,"minecraft:furnace":1,"minecraft:stone_axe":1,"minecraft:air":0,"minecraft:jungle_planks":160,"minecraft:jungle_door":3,"minecraft:iron_boots":1,"minecraft:iron_chestplate":1,"minecraft:shield":1,"minecraft:iron_axe":1,"minecraft:stick":8,"minecraft:iron_ingot":22,"minecraft:iron_pickaxe":1,"minecraft:stone_pickaxe":1,"minecraft:wooden_axe":1,"minecraft:white_bed":1},"minecraft:custom":{"minecraft:interact_with_furnace":12,"minecraft:mob_kills":37,"minecraft:interact_with_crafting_table":16,"minecraft:leave_game":2,"minecraft:time_since_death":11961,"minecraft:sleep_in_bed":5,"minecraft:time_since_rest":11992,"minecraft:sprint_one_cm":160603,"minecraft:damage_taken":814,"minecraft:walk_one_cm":80805,"minecraft:damage_blocked_by_shield":530,"minecraft:drop":8,"minecraft:damage_dealt":4840,"minecraft:swim_one_cm":27067,"minecraft:fly_one_cm":78995,"minecraft:open_chest":1,"minecraft:crouch_one_cm":837,"minecraft:play_time":44155,"minecraft:deaths":1,"minecraft:sneak_time":1080,"minecraft:walk_under_water_one_cm":9539,"minecraft:boat_one_cm":63130,"minecraft:jump":748,"minecraft:walk_on_water_one_cm":10402,"minecraft:total_world_time":44155,"minecraft:fall_one_cm":17106},"minecraft:mined":{"minecraft:tuff":5,"minecraft:white_bed":3,"minecraft:jungle_door":2,"minecraft:deepslate_diamond_ore":1,"minecraft:jungle_leaves":5,"minecraft:crafting_table":9,"minecraft:granite":4,"minecraft:jungle_log":40,"minecraft:sugar_cane":3,"minecraft:diorite":19,"minecraft:furnace":3,"minecraft:iron_ore":25,"minecraft:andesite":8,"minecraft:deepslate_lapis_ore":8,"minecraft:grass":1,"minecraft:coal_ore":38,"minecraft:deepslate_iron_ore":13,"minecraft:gravel":19,"minecraft:dirt":1,"minecraft:bamboo":1,"minecraft:stone":74,"minecraft:deepslate":18},"minecraft:dropped":{"minecraft:cobbled_deepslate":8,"minecraft:deepslate":5,"minecraft:tuff":3,"minecraft:rotten_flesh":1,"minecraft:granite":4,"minecraft:wooden_axe":1,"minecraft:wooden_pickaxe":1},"minecraft:killed":{"minecraft:pig":12,"minecraft:spider":1,"minecraft:skeleton":3,"minecraft:sheep":9,"minecraft:zombie":8,"minecraft:enderman":1,"minecraft:cow":1},"minecraft:picked_up":{"minecraft:iron_chestplate":1,"minecraft:crafting_table":12,"minecraft:jungle_boat":4,"minecraft:golden_carrot":6,"minecraft:golden_pickaxe":2,"minecraft:jungle_log":40,"minecraft:andesite":16,"minecraft:leather":4,"minecraft:golden_leggings":1,"minecraft:flint":6,"minecraft:tuff":3,"minecraft:shield":1,"minecraft:lapis_lazuli":53,"minecraft:dirt":2,"minecraft:iron_axe":1,"minecraft:bow":1,"minecraft:cobbled_deepslate":15,"minecraft:iron_ingot":3,"minecraft:beef":6,"minecraft:stone_pickaxe":1,"minecraft:iron_nugget":6,"minecraft:iron_pickaxe":1,"minecraft:light_gray_wool":2,"minecraft:bamboo":26,"minecraft:sugar_cane":8,"minecraft:iron_boots":1,"minecraft:furnace":4,"minecraft:golden_helmet":1,"minecraft:stick":6,"minecraft:raw_iron":55,"minecraft:jungle_door":4,"minecraft:cooked_porkchop":32,"minecraft:gravel":14,"minecraft:jungle_planks":122,"minecraft:porkchop":43,"minecraft:golden_axe":1,"minecraft:diorite":26,"minecraft:white_bed":3,"minecraft:arrow":6,"minecraft:rotten_flesh":1,"minecraft:diamond":2,"minecraft:deepslate":5,"minecraft:stone_axe":1,"minecraft:granite":8,"minecraft:black_wool":2,"minecraft:coal":170,"minecraft:mutton":32,"minecraft:white_wool":11,"minecraft:cobblestone":130}},"DataVersion":3465}