{"stats":{"minecraft:used":{"minecraft:stone_pickaxe":115,"minecraft:wooden_pickaxe":6,"minecraft:jungle_boat":3,"minecraft:crafting_table":6,"minecraft:white_bed":3,"minecraft:wooden_axe":40,"minecraft:gravel":5,"minecraft:golden_leggings":1,"minecraft:stone_axe":42,"minecraft:furnace":3,"minecraft:cooked_porkchop":3,"minecraft:jungle_door":3,"minecraft:golden_pickaxe":6},"minecraft:crafted":{"minecraft:cooked_porkchop":8,"minecraft:crafting_table":2,"minecraft:jungle_boat":1,"minecraft:wooden_pickaxe":1,"minecraft:furnace":1,"minecraft:stone_axe":1,"minecraft:air":0,"minecraft:jungle_planks":160,"minecraft:jungle_door":3,"minecraft:shield":1,"minecraft:stick":8,"minecraft:iron_ingot":2,"minecraft:stone_pickaxe":1,"minecraft:wooden_axe":1,"minecraft:white_bed":1},"minecraft:custom":{"minecraft:interact_with_furnace":8,"minecraft:mob_kills":22,"minecraft:interact_with_crafting_table":13,"minecraft:leave_game":1,"minecraft:time_since_death":23218,"minecraft:sleep_in_bed":3,"minecraft:time_since_rest":42,"minecraft:sprint_one_cm":64020,"minecraft:damage_taken":166,"minecraft:walk_one_cm":31899,"minecraft:drop":2,"minecraft:damage_dealt":2020,"minecraft:swim_one_cm":26581,"minecraft:fly_one_cm":44818,"minecraft:open_chest":1,"minecraft:crouch_one_cm":837,"minecraft:play_time":23218,"minecraft:sneak_time":1063,"minecraft:walk_under_water_one_cm":6218,"minecraft:boat_one_cm":63130,"minecraft:jump":340,"minecraft:walk_on_water_one_cm":4696,"minecraft:total_world_time":23218,"minecraft:fall_one_cm":6970},"minecraft:mined":{"minecraft:white_bed":2,"minecraft:jungle_door":2,"minecraft:jungle_leaves":5,"minecraft:crafting_table":7,"minecraft:jungle_log":40,"minecraft:sugar_cane":3,"minecraft:diorite":2,"minecraft:furnace":2,"minecraft:iron_ore":7,"minecraft:andesite":7,"minecraft:grass":1,"minecraft:coal_ore":38,"minecraft:deepslate_iron_ore":9,"minecraft:gravel":18,"minecraft:dirt":1,"minecraft:bamboo":1,"minecraft:stone":52,"minecraft:deepslate":7},"minecraft:dropped":{"minecraft:wooden_axe":1,"minecraft:wooden_pickaxe":1},"minecraft:killed":{"minecraft:pig":12,"minecraft:sheep":9,"minecraft:cow":1},"minecraft:picked_up":{"minecraft:crafting_table":7,"minecraft:jungle_boat":3,"minecraft:jungle_log":40,"minecraft:andesite":7,"minecraft:leather":2,"minecraft:flint":2,"minecraft:dirt":1,"minecraft:cobbled_deepslate":2,"minecraft:beef":3,"minecraft:light_gray_wool":1,"minecraft:bamboo":13,"minecraft:sugar_cane":4,"minecraft:furnace":2,"minecraft:stick":5,"minecraft:raw_iron":16,"minecraft:jungle_door":2,"minecraft:cooked_porkchop":1,"minecraft:gravel":14,"minecraft:porkchop":43,"minecraft:diorite":2,"minecraft:white_bed":2,"minecraft:deepslate":5,"minecraft:coal":110,"minecraft:black_wool":1,"minecraft:mutton":16,"minecraft:white_wool":7,"minecraft:cobblestone":52}},"DataVersion":3465}