{"stats":{"minecraft:used":{"minecraft:stone_pickaxe":120,"minecraft:wooden_pickaxe":6,"minecraft:jungle_boat":3,"minecraft:crafting_table":8,"minecraft:white_bed":4,"minecraft:wooden_axe":40,"minecraft:iron_axe":6,"minecraft:iron_pickaxe":53,"minecraft:iron_boots":1,"minecraft:gravel":14,"minecraft:golden_leggings":1,"minecraft:stone_axe":42,"minecraft:furnace":3,"minecraft:cooked_porkchop":4,"minecraft:jungle_door":3,"minecraft:golden_pickaxe":6},"minecraft:crafted":{"minecraft:cooked_porkchop":16,"minecraft:crafting_table":2,"minecraft:jungle_boat":1,"minecraft:wooden_pickaxe":1,"minecraft:furnace":1,"minecraft:stone_axe":1,"minecraft:air":0,"minecraft:jungle_planks":160,"minecraft:jungle_door":3,"minecraft:iron_boots":1,"minecraft:iron_chestplate":1,"minecraft:shield":1,"minecraft:iron_axe":1,"minecraft:stick":8,"minecraft:iron_ingot":22,"minecraft:iron_pickaxe":1,"minecraft:stone_pickaxe":1,"minecraft:wooden_axe":1,"minecraft:white_bed":1},"minecraft:custom":{"minecraft:interact_with_furnace":12,"minecraft:mob_kills":23,"minecraft:interact_with_crafting_table":16,"minecraft:leave_game":1,"minecraft:time_since_death":31878,"minecraft:sleep_in_bed":5,"minecraft:time_since_rest":1051,"minecraft:sprint_one_cm":80013,"minecraft:damage_taken":186,"minecraft:walk_one_cm":46865,"minecraft:drop":6,"minecraft:damage_dealt":2221,"minecraft:swim_one_cm":26581,"minecraft:fly_one_cm":50117,"minecraft:open_chest":1,"minecraft:crouch_one_cm":837,"minecraft:play_time":31878,"minecraft:sneak_time":1063,"minecraft:walk_under_water_one_cm":6218,"minecraft:boat_one_cm":63130,"minecraft:jump":458,"minecraft:walk_on_water_one_cm":4696,"minecraft:total_world_time":31878,"minecraft:fall_one_cm":8201},"minecraft:mined":{"minecraft:tuff":5,"minecraft:white_bed":3,"minecraft:jungle_door":2,"minecraft:deepslate_diamond_ore":1,"minecraft:jungle_leaves":5,"minecraft:crafting_table":9,"minecraft:granite":4,"minecraft:jungle_log":40,"minecraft:sugar_cane":3,"minecraft:diorite":15,"minecraft:furnace":3,"minecraft:iron_ore":25,"minecraft:andesite":8,"minecraft:grass":1,"minecraft:coal_ore":38,"minecraft:deepslate_iron_ore":13,"minecraft:gravel":18,"minecraft:dirt":1,"minecraft:bamboo":1,"minecraft:stone":59,"minecraft:deepslate":11},"minecraft:dropped":{"minecraft:cobbled_deepslate":2,"minecraft:deepslate":5,"minecraft:tuff":3,"minecraft:rotten_flesh":1,"minecraft:wooden_axe":1,"minecraft:wooden_pickaxe":1},"minecraft:killed":{"minecraft:pig":12,"minecraft:sheep":9,"minecraft:zombie":1,"minecraft:cow":1},"minecraft:picked_up":{"minecraft:crafting_table":9,"minecraft:jungle_boat":3,"minecraft:jungle_log":40,"minecraft:andesite":8,"minecraft:leather":2,"minecraft:flint":2,"minecraft:tuff":3,"minecraft:dirt":1,"minecraft:cobbled_deepslate":2,"minecraft:beef":3,"minecraft:light_gray_wool":1,"minecraft:bamboo":13,"minecraft:sugar_cane":4,"minecraft:furnace":3,"minecraft:stick":5,"minecraft:raw_iron":38,"minecraft:jungle_door":2,"minecraft:cooked_porkchop":10,"minecraft:gravel":14,"minecraft:porkchop":43,"minecraft:diorite":9,"minecraft:white_bed":3,"minecraft:rotten_flesh":1,"minecraft:diamond":1,"minecraft:deepslate":5,"minecraft:granite":4,"minecraft:black_wool":1,"minecraft:coal":140,"minecraft:mutton":16,"minecraft:white_wool":7,"minecraft:cobblestone":59}},"DataVersion":3465}