{"stats":{"minecraft:used":{"minecraft:wooden_axe":40,"minecraft:stone_pickaxe":71,"minecraft:wooden_pickaxe":6,"minecraft:jungle_boat":2,"minecraft:stone_axe":9,"minecraft:crafting_table":3,"minecraft:furnace":1,"minecraft:cooked_porkchop":2},"minecraft:crafted":{"minecraft:cooked_porkchop":3,"minecraft:crafting_table":2,"minecraft:stick":8,"minecraft:jungle_boat":1,"minecraft:wooden_pickaxe":1,"minecraft:stone_pickaxe":1,"minecraft:wooden_axe":1,"minecraft:furnace":1,"minecraft:stone_axe":1,"minecraft:air":0,"minecraft:jungle_planks":160},"minecraft:custom":{"minecraft:time_since_rest":11207,"minecraft:interact_with_furnace":2,"minecraft:sprint_one_cm":32138,"minecraft:damage_taken":60,"minecraft:walk_one_cm":11376,"minecraft:mob_kills":1,"minecraft:drop":2,"minecraft:damage_dealt":100,"minecraft:interact_with_crafting_table":9,"minecraft:swim_one_cm":10318,"minecraft:fly_one_cm":11050,"minecraft:crouch_one_cm":584,"minecraft:play_time":11207,"minecraft:sneak_time":631,"minecraft:walk_under_water_one_cm":319,"minecraft:boat_one_cm":28666,"minecraft:jump":99,"minecraft:time_since_death":11207,"minecraft:walk_on_water_one_cm":2105,"minecraft:total_world_time":11207,"minecraft:fall_one_cm":1963},"minecraft:mined":{"minecraft:furnace":1,"minecraft:jungle_leaves":5,"minecraft:crafting_table":4,"minecraft:coal_ore":38,"minecraft:jungle_log":40,"minecraft:gravel":16,"minecraft:bamboo":1,"minecraft:stone":38,"minecraft:sugar_cane":3},"minecraft:dropped":{"minecraft:wooden_axe":1,"minecraft:wooden_pickaxe":1},"minecraft:killed":{"minecraft:pig":1},"minecraft:picked_up":{"minecraft:stick":5,"minecraft:crafting_table":4,"minecraft:jungle_boat":1,"minecraft:jungle_log":40,"minecraft:gravel":14,"minecraft:porkchop":3,"minecraft:flint":2,"minecraft:bamboo":13,"minecraft:sugar_cane":4,"minecraft:coal":75,"minecraft:cobblestone":38,"minecraft:furnace":1}},"DataVersion":3465}