{"stats":{"minecraft:custom":{"minecraft:jump":66,"minecraft:time_since_rest":2552,"minecraft:leave_game":1,"minecraft:sprint_one_cm":5835,"minecraft:play_time":2552,"minecraft:time_since_death":2552,"minecraft:walk_one_cm":6960,"minecraft:total_world_time":2552,"minecraft:drop":2,"minecraft:fall_one_cm":894,"minecraft:fly_one_cm":16673},"minecraft:dropped":{"minecraft:wheat_seeds":2},"minecraft:picked_up":{"minecraft:wheat_seeds":2},"minecraft:mined":{"minecraft:tall_grass":1,"minecraft:grass":5,"minecraft:grass_block":1}},"DataVersion":3465}