{"stats":{"minecraft:killed_by":{"minecraft:spider":1},"minecraft:killed":{"minecraft:zombie":3,"minecraft:chicken":1,"minecraft:salmon":5,"minecraft:spider":1,"minecraft:drowned":1,"minecraft:enderman":1},"minecraft:used":{"minecraft:wooden_axe":1,"minecraft:chicken":1,"minecraft:stone_pickaxe":17,"minecraft:wooden_pickaxe":22,"minecraft:rotten_flesh":2,"minecraft:stone_axe":34,"minecraft:dirt":4,"minecraft:crafting_table":3,"minecraft:jungle_planks":3,"minecraft:jungle_door":4},"minecraft:crafted":{"minecraft:jungle_door":3,"minecraft:crafting_table":2,"minecraft:stick":16,"minecraft:wooden_pickaxe":1,"minecraft:stone_pickaxe":1,"minecraft:wooden_axe":1,"minecraft:stone_axe":1,"minecraft:jungle_planks":40},"minecraft:mined":{"minecraft:jungle_door":2,"minecraft:iron_ore":7,"minecraft:jungle_leaves":9,"minecraft:crafting_table":2,"minecraft:granite":1,"minecraft:grass":3,"minecraft:grass_block":3,"minecraft:coal_ore":7,"minecraft:vine":2,"minecraft:jungle_log":10,"minecraft:dirt":2,"minecraft:lapis_ore":1,"minecraft:stone":22,"minecraft:oak_leaves":16},"minecraft:picked_up":{"minecraft:raw_iron":7,"minecraft:stick":1,"minecraft:crafting_table":2,"minecraft:jungle_door":2,"minecraft:feather":2,"minecraft:chicken":1,"minecraft:salmon":4,"minecraft:jungle_log":10,"minecraft:lapis_lazuli":8,"minecraft:string":1,"minecraft:dirt":5,"minecraft:rotten_flesh":2,"minecraft:wheat_seeds":1,"minecraft:granite":1,"minecraft:jungle_sapling":1,"minecraft:coal":7,"minecraft:cobblestone":22},"minecraft:custom":{"minecraft:time_since_rest":14999,"minecraft:sprint_one_cm":41520,"minecraft:damage_taken":405,"minecraft:walk_one_cm":47530,"minecraft:mob_kills":12,"minecraft:damage_dealt":1652,"minecraft:fly_one_cm":72585,"minecraft:swim_one_cm":6248,"minecraft:interact_with_crafting_table":3,"minecraft:play_time":22980,"minecraft:deaths":1,"minecraft:sneak_time":358,"minecraft:walk_under_water_one_cm":35778,"minecraft:jump":397,"minecraft:walk_on_water_one_cm":9634,"minecraft:time_since_death":14974,"minecraft:climb_one_cm":5054,"minecraft:total_world_time":22980,"minecraft:fall_one_cm":12492}},"DataVersion":3465}