{"stats":{"minecraft:killed_by":{"minecraft:spider":1},"minecraft:killed":{"minecraft:salmon":7,"minecraft:spider":1,"minecraft:sheep":9,"minecraft:zombie":4,"minecraft:chicken":1,"minecraft:drowned":1,"minecraft:enderman":1},"minecraft:used":{"minecraft:stone_pickaxe":124,"minecraft:wooden_pickaxe":22,"minecraft:cooked_salmon":4,"minecraft:rotten_flesh":2,"minecraft:dirt":4,"minecraft:crafting_table":5,"minecraft:jungle_planks":3,"minecraft:white_bed":1,"minecraft:wooden_axe":1,"minecraft:chicken":1,"minecraft:stone_axe":65,"minecraft:cobblestone":40,"minecraft:furnace":3,"minecraft:cooked_porkchop":1,"minecraft:jungle_door":4},"minecraft:crafted":{"minecraft:cherry_planks":32,"minecraft:cooked_porkchop":2,"minecraft:crafting_table":4,"minecraft:wooden_pickaxe":1,"minecraft:furnace":3,"minecraft:cooked_salmon":4,"minecraft:stone_axe":1,"minecraft:cooked_mutton":8,"minecraft:air":0,"minecraft:jungle_planks":40,"minecraft:jungle_door":3,"minecraft:stick":16,"minecraft:iron_ingot":9,"minecraft:stone_pickaxe":1,"minecraft:wooden_axe":1,"minecraft:iron_leggings":1},"minecraft:mined":{"minecraft:white_bed":1,"minecraft:jungle_door":2,"minecraft:cherry_log":8,"minecraft:jungle_leaves":9,"minecraft:crafting_table":2,"minecraft:granite":1,"minecraft:grass_block":5,"minecraft:jungle_log":10,"minecraft:tall_grass":3,"minecraft:cobblestone":2,"minecraft:lapis_ore":1,"minecraft:pink_petals":1,"minecraft:iron_ore":29,"minecraft:andesite":3,"minecraft:grass":4,"minecraft:coal_ore":28,"minecraft:vine":2,"minecraft:cherry_leaves":1,"minecraft:gravel":6,"minecraft:dirt":3,"minecraft:stone":71,"minecraft:oak_leaves":16},"minecraft:picked_up":{"minecraft:pink_petals":1,"minecraft:crafting_table":2,"minecraft:feather":2,"minecraft:chicken":1,"minecraft:andesite":3,"minecraft:jungle_log":10,"minecraft:salmon":6,"minecraft:flint":1,"minecraft:lapis_lazuli":8,"minecraft:dirt":8,"minecraft:string":1,"minecraft:wheat_seeds":2,"minecraft:jungle_sapling":1,"minecraft:stick":1,"minecraft:raw_iron":29,"minecraft:jungle_door":2,"minecraft:gravel":5,"minecraft:cherry_log":8,"minecraft:white_bed":1,"minecraft:rotten_flesh":2,"minecraft:granite":1,"minecraft:bone_meal":1,"minecraft:mutton":15,"minecraft:coal":28,"minecraft:white_wool":9,"minecraft:cobblestone":71},"minecraft:custom":{"minecraft:interact_with_furnace":16,"minecraft:mob_kills":24,"minecraft:interact_with_crafting_table":11,"minecraft:time_since_death":38974,"minecraft:climb_one_cm":5054,"minecraft:time_since_rest":38999,"minecraft:sprint_one_cm":88856,"minecraft:damage_taken":495,"minecraft:walk_one_cm":134949,"minecraft:damage_dealt":2632,"minecraft:swim_one_cm":6248,"minecraft:fly_one_cm":131482,"minecraft:crouch_one_cm":712,"minecraft:play_time":46980,"minecraft:deaths":1,"minecraft:sneak_time":731,"minecraft:walk_under_water_one_cm":41895,"minecraft:jump":1036,"minecraft:walk_on_water_one_cm":11284,"minecraft:total_world_time":46980,"minecraft:fall_one_cm":25313}},"DataVersion":3465}