{"stats":{"minecraft:killed_by":{"minecraft:spider":1},"minecraft:killed":{"minecraft:sheep":7,"minecraft:zombie":3,"minecraft:chicken":1,"minecraft:salmon":7,"minecraft:spider":1,"minecraft:drowned":1,"minecraft:enderman":1},"minecraft:used":{"minecraft:wooden_axe":1,"minecraft:chicken":1,"minecraft:stone_pickaxe":49,"minecraft:wooden_pickaxe":22,"minecraft:cooked_salmon":3,"minecraft:rotten_flesh":2,"minecraft:stone_axe":51,"minecraft:dirt":4,"minecraft:crafting_table":4,"minecraft:furnace":1,"minecraft:jungle_planks":3,"minecraft:jungle_door":4},"minecraft:crafted":{"minecraft:cherry_planks":8,"minecraft:jungle_door":3,"minecraft:cooked_porkchop":2,"minecraft:crafting_table":3,"minecraft:stick":16,"minecraft:wooden_pickaxe":1,"minecraft:stone_pickaxe":1,"minecraft:wooden_axe":1,"minecraft:cooked_salmon":4,"minecraft:furnace":1,"minecraft:stone_axe":1,"minecraft:air":0,"minecraft:jungle_planks":40},"minecraft:mined":{"minecraft:pink_petals":1,"minecraft:white_bed":1,"minecraft:jungle_door":2,"minecraft:iron_ore":7,"minecraft:cherry_log":2,"minecraft:jungle_leaves":9,"minecraft:crafting_table":2,"minecraft:granite":1,"minecraft:grass":4,"minecraft:grass_block":5,"minecraft:coal_ore":28,"minecraft:vine":2,"minecraft:jungle_log":10,"minecraft:cherry_leaves":1,"minecraft:dirt":3,"minecraft:tall_grass":3,"minecraft:lapis_ore":1,"minecraft:stone":29,"minecraft:oak_leaves":16},"minecraft:picked_up":{"minecraft:raw_iron":7,"minecraft:stick":1,"minecraft:crafting_table":2,"minecraft:jungle_door":2,"minecraft:feather":2,"minecraft:chicken":1,"minecraft:salmon":6,"minecraft:jungle_log":10,"minecraft:cherry_log":2,"minecraft:white_bed":1,"minecraft:lapis_lazuli":8,"minecraft:string":1,"minecraft:dirt":8,"minecraft:rotten_flesh":2,"minecraft:wheat_seeds":2,"minecraft:granite":1,"minecraft:bone_meal":1,"minecraft:jungle_sapling":1,"minecraft:mutton":12,"minecraft:coal":28,"minecraft:white_wool":7,"minecraft:cobblestone":29,"minecraft:pink_petals":1},"minecraft:custom":{"minecraft:interact_with_furnace":4,"minecraft:time_since_rest":26999,"minecraft:sprint_one_cm":71397,"minecraft:damage_taken":445,"minecraft:walk_one_cm":95279,"minecraft:mob_kills":21,"minecraft:damage_dealt":2272,"minecraft:fly_one_cm":110565,"minecraft:swim_one_cm":6248,"minecraft:interact_with_crafting_table":6,"minecraft:crouch_one_cm":38,"minecraft:play_time":34980,"minecraft:deaths":1,"minecraft:sneak_time":426,"minecraft:walk_under_water_one_cm":41895,"minecraft:jump":696,"minecraft:walk_on_water_one_cm":10174,"minecraft:time_since_death":26974,"minecraft:climb_one_cm":5054,"minecraft:total_world_time":34980,"minecraft:fall_one_cm":18344}},"DataVersion":3465}