{"stats":{"minecraft:mined":{"minecraft:jungle_leaves":2,"minecraft:oak_leaves":12},"minecraft:picked_up":{"minecraft:stick":1},"minecraft:custom":{"minecraft:jump":131,"minecraft:time_since_rest":4980,"minecraft:damage_dealt":8,"minecraft:sprint_one_cm":9015,"minecraft:play_time":4980,"minecraft:damage_taken":110,"minecraft:time_since_death":4980,"minecraft:walk_one_cm":10974,"minecraft:sneak_time":12,"minecraft:climb_one_cm":1162,"minecraft:total_world_time":4980,"minecraft:fall_one_cm":5358,"minecraft:fly_one_cm":27840}},"DataVersion":3465}