{"stats":{"minecraft:killed_by":{"minecraft:warden":1,"minecraft:spider":1},"minecraft:killed":{"minecraft:salmon":7,"minecraft:spider":2,"minecraft:skeleton":4,"minecraft:sheep":9,"minecraft:zombie":4,"minecraft:chicken":1,"minecraft:drowned":1,"minecraft:enderman":1},"minecraft:used":{"minecraft:cooked_mutton":3,"minecraft:stone_pickaxe":126,"minecraft:shield":22,"minecraft:wooden_pickaxe":22,"minecraft:diamond_axe":6,"minecraft:cooked_salmon":4,"minecraft:rotten_flesh":2,"minecraft:dirt":4,"minecraft:crafting_table":6,"minecraft:jungle_planks":3,"minecraft:white_bed":1,"minecraft:wooden_axe":1,"minecraft:chicken":1,"minecraft:string":1,"minecraft:iron_pickaxe":30,"minecraft:gravel":8,"minecraft:stone_axe":76,"minecraft:cobblestone":40,"minecraft:furnace":3,"minecraft:cooked_porkchop":2,"minecraft:jungle_door":4},"minecraft:broken":{"minecraft:stone_axe":1},"minecraft:crafted":{"minecraft:cherry_planks":32,"minecraft:cooked_porkchop":2,"minecraft:diamond_axe":1,"minecraft:crafting_table":4,"minecraft:iron_helmet":1,"minecraft:wooden_pickaxe":1,"minecraft:furnace":3,"minecraft:cooked_salmon":4,"minecraft:stone_axe":1,"minecraft:cooked_mutton":15,"minecraft:air":0,"minecraft:jungle_planks":40,"minecraft:jungle_door":3,"minecraft:iron_boots":1,"minecraft:iron_chestplate":1,"minecraft:shield":1,"minecraft:stick":16,"minecraft:iron_ingot":29,"minecraft:iron_pickaxe":1,"minecraft:stone_pickaxe":1,"minecraft:wooden_axe":1,"minecraft:iron_leggings":1},"minecraft:mined":{"minecraft:white_bed":1,"minecraft:jungle_door":2,"minecraft:deepslate_diamond_ore":3,"minecraft:cherry_log":8,"minecraft:jungle_leaves":9,"minecraft:crafting_table":4,"minecraft:granite":1,"minecraft:grass_block":5,"minecraft:jungle_log":10,"minecraft:tall_grass":3,"minecraft:cobblestone":2,"minecraft:lapis_ore":5,"minecraft:sculk":35,"minecraft:pink_petals":1,"minecraft:furnace":2,"minecraft:iron_ore":29,"minecraft:andesite":3,"minecraft:grass":4,"minecraft:coal_ore":28,"minecraft:vine":2,"minecraft:cherry_leaves":1,"minecraft:gravel":16,"minecraft:dirt":3,"minecraft:stone":76,"minecraft:deepslate":17,"minecraft:oak_leaves":16},"minecraft:picked_up":{"minecraft:pink_petals":1,"minecraft:crafting_table":4,"minecraft:feather":2,"minecraft:chicken":1,"minecraft:glow_ink_sac":8,"minecraft:andesite":3,"minecraft:jungle_log":10,"minecraft:salmon":6,"minecraft:flint":2,"minecraft:lapis_lazuli":41,"minecraft:dirt":8,"minecraft:string":2,"minecraft:bone":3,"minecraft:wheat_seeds":2,"minecraft:cobbled_deepslate":17,"minecraft:jungle_sapling":1,"minecraft:furnace":2,"minecraft:stick":1,"minecraft:raw_iron":29,"minecraft:jungle_door":2,"minecraft:gravel":14,"minecraft:cherry_log":8,"minecraft:white_bed":1,"minecraft:arrow":6,"minecraft:rotten_flesh":2,"minecraft:diamond":3,"minecraft:granite":1,"minecraft:bone_meal":1,"minecraft:mutton":15,"minecraft:coal":45,"minecraft:white_wool":9,"minecraft:cobblestone":76},"minecraft:custom":{"minecraft:interact_with_furnace":53,"minecraft:mob_kills":30,"minecraft:interact_with_crafting_table":23,"minecraft:time_since_death":5464,"minecraft:climb_one_cm":5054,"minecraft:time_since_rest":5498,"minecraft:sprint_one_cm":124792,"minecraft:damage_taken":1262,"minecraft:walk_one_cm":212719,"minecraft:damage_blocked_by_shield":405,"minecraft:damage_dealt":3784,"minecraft:swim_one_cm":6248,"minecraft:fly_one_cm":181813,"minecraft:crouch_one_cm":15981,"minecraft:play_time":70980,"minecraft:deaths":2,"minecraft:sneak_time":4818,"minecraft:walk_under_water_one_cm":54453,"minecraft:jump":1496,"minecraft:walk_on_water_one_cm":20134,"minecraft:total_world_time":70980,"minecraft:fall_one_cm":50938}},"DataVersion":3465}