{"stats":{"minecraft:used":{"minecraft:stone_sword":40,"minecraft:stone_pickaxe":32,"minecraft:wooden_pickaxe":31,"minecraft:stone_axe":66,"minecraft:dirt":2,"minecraft:crafting_table":3,"minecraft:furnace":1,"minecraft:oak_boat":2},"minecraft:crafted":{"minecraft:oak_boat":1,"minecraft:oak_planks":40,"minecraft:crafting_table":2,"minecraft:stick":8,"minecraft:wooden_pickaxe":1,"minecraft:stone_pickaxe":1,"minecraft:stone_sword":1,"minecraft:furnace":1,"minecraft:stone_axe":1,"minecraft:jungle_planks":68},"minecraft:custom":{"minecraft:time_since_rest":12236,"minecraft:interact_with_furnace":1,"minecraft:sprint_one_cm":17169,"minecraft:damage_taken":130,"minecraft:walk_one_cm":27111,"minecraft:mob_kills":10,"minecraft:damage_dealt":1473,"minecraft:interact_with_crafting_table":5,"minecraft:fly_one_cm":21317,"minecraft:crouch_one_cm":3252,"minecraft:play_time":12236,"minecraft:sneak_time":1661,"minecraft:boat_one_cm":57474,"minecraft:jump":155,"minecraft:time_since_death":12236,"minecraft:walk_on_water_one_cm":1050,"minecraft:climb_one_cm":917,"minecraft:total_world_time":12236,"minecraft:fall_one_cm":2150},"minecraft:mined":{"minecraft:crafting_table":1,"minecraft:grass":5,"minecraft:oak_log":10,"minecraft:grass_block":6,"minecraft:coal_ore":29,"minecraft:melon":3,"minecraft:cocoa":2,"minecraft:vine":8,"minecraft:jungle_log":17,"minecraft:dirt":16,"minecraft:brown_mushroom_block":29,"minecraft:stone":18,"minecraft:sugar_cane":4,"minecraft:oak_leaves":1,"minecraft:fern":3},"minecraft:killed":{"minecraft:sheep":4,"minecraft:zombie":3,"minecraft:pig":2,"minecraft:zombie_villager":1},"minecraft:picked_up":{"minecraft:cocoa_beans":6,"minecraft:stick":1,"minecraft:crafting_table":1,"minecraft:jungle_log":17,"minecraft:brown_mushroom":11,"minecraft:porkchop":6,"minecraft:oak_log":10,"minecraft:carrot":1,"minecraft:dirt":22,"minecraft:rotten_flesh":2,"minecraft:wheat_seeds":1,"minecraft:oak_boat":2,"minecraft:oak_sapling":3,"minecraft:melon_slice":14,"minecraft:sugar_cane":5,"minecraft:mutton":7,"minecraft:white_wool":4,"minecraft:coal":29,"minecraft:cobblestone":18}},"DataVersion":3465}