{"stats":{"minecraft:used":{"minecraft:cooked_mutton":5,"minecraft:water_bucket":2,"minecraft:stone_sword":40,"minecraft:stone_pickaxe":485,"minecraft:shield":3,"minecraft:wooden_pickaxe":31,"minecraft:iron_sword":39,"minecraft:torch":52,"minecraft:glow_berries":1,"minecraft:dirt":40,"minecraft:crafting_table":8,"minecraft:axolotl_bucket":2,"minecraft:iron_pickaxe":49,"minecraft:iron_helmet":1,"minecraft:iron_boots":1,"minecraft:stone_axe":79,"minecraft:cobblestone":27,"minecraft:furnace":2,"minecraft:bucket":6,"minecraft:oak_boat":2,"minecraft:iron_leggings":1},"minecraft:crafted":{"minecraft:oak_planks":40,"minecraft:cooked_porkchop":6,"minecraft:crafting_table":3,"minecraft:wooden_pickaxe":1,"minecraft:iron_helmet":1,"minecraft:iron_sword":1,"minecraft:furnace":1,"minecraft:bucket":2,"minecraft:stone_axe":1,"minecraft:cooked_mutton":7,"minecraft:air":0,"minecraft:jungle_planks":68,"minecraft:oak_boat":1,"minecraft:iron_chestplate":1,"minecraft:iron_boots":1,"minecraft:shield":1,"minecraft:stick":28,"minecraft:iron_ingot":40,"minecraft:iron_pickaxe":1,"minecraft:stone_pickaxe":4,"minecraft:stone_sword":1,"minecraft:iron_leggings":1,"minecraft:torch":52},"minecraft:custom":{"minecraft:interact_with_furnace":23,"minecraft:mob_kills":36,"minecraft:interact_with_crafting_table":22,"minecraft:time_since_death":48236,"minecraft:climb_one_cm":1241,"minecraft:time_since_rest":48236,"minecraft:sprint_one_cm":58062,"minecraft:damage_taken":227,"minecraft:walk_one_cm":106099,"minecraft:damage_blocked_by_shield":60,"minecraft:drop":20,"minecraft:damage_dealt":3167,"minecraft:swim_one_cm":5144,"minecraft:fly_one_cm":68310,"minecraft:open_chest":1,"minecraft:crouch_one_cm":37815,"minecraft:play_time":48236,"minecraft:sneak_time":15408,"minecraft:walk_under_water_one_cm":880,"minecraft:boat_one_cm":57474,"minecraft:jump":703,"minecraft:walk_on_water_one_cm":7646,"minecraft:total_world_time":48236,"minecraft:fall_one_cm":14547},"minecraft:mined":{"minecraft:deepslate_diamond_ore":1,"minecraft:clay":25,"minecraft:crafting_table":6,"minecraft:cave_vines_plant":11,"minecraft:granite":38,"minecraft:grass_block":6,"minecraft:melon":3,"minecraft:jungle_log":17,"minecraft:brown_mushroom_block":29,"minecraft:copper_ore":6,"minecraft:cobblestone":1,"minecraft:deepslate_gold_ore":25,"minecraft:moss_block":21,"minecraft:sugar_cane":4,"minecraft:diorite":5,"minecraft:wall_torch":2,"minecraft:furnace":2,"minecraft:iron_ore":25,"minecraft:grass":5,"minecraft:coal_ore":61,"minecraft:oak_log":10,"minecraft:deepslate_iron_ore":22,"minecraft:cave_vines":20,"minecraft:vine":8,"minecraft:cocoa":2,"minecraft:gravel":17,"minecraft:dirt":34,"minecraft:stone":325,"minecraft:oak_leaves":1,"minecraft:deepslate":20,"minecraft:fern":3},"minecraft:dropped":{"minecraft:gravel":9,"minecraft:moss_block":3,"minecraft:brown_mushroom":11,"minecraft:wheat_seeds":3,"minecraft:stone_sword":1,"minecraft:cobbled_deepslate":4,"minecraft:rotten_flesh":2,"minecraft:cobblestone":262,"minecraft:granite":76,"minecraft:flint":1,"minecraft:diorite":5,"minecraft:wooden_pickaxe":1,"minecraft:stone_pickaxe":1},"minecraft:killed":{"minecraft:pig":2,"minecraft:zombie_villager":1,"minecraft:spider":1,"minecraft:slime":17,"minecraft:creeper":1,"minecraft:skeleton":2,"minecraft:sheep":4,"minecraft:zombie":5},"minecraft:broken":{"minecraft:stone_pickaxe":3},"minecraft:picked_up":{"minecraft:cocoa_beans":6,"minecraft:crafting_table":6,"minecraft:clay_ball":88,"minecraft:jungle_log":17,"minecraft:brown_mushroom":11,"minecraft:flint":1,"minecraft:oak_log":10,"minecraft:dirt":40,"minecraft:raw_copper":21,"minecraft:wheat_seeds":3,"minecraft:cobbled_deepslate":21,"minecraft:raw_gold":24,"minecraft:oak_boat":2,"minecraft:moss_block":12,"minecraft:sugar_cane":5,"minecraft:melon_slice":14,"minecraft:furnace":2,"minecraft:stick":1,"minecraft:raw_iron":48,"minecraft:torch":2,"minecraft:gravel":10,"minecraft:porkchop":6,"minecraft:diorite":5,"minecraft:carrot":1,"minecraft:spider_eye":1,"minecraft:rotten_flesh":2,"minecraft:slime_ball":18,"minecraft:diamond":1,"minecraft:granite":76,"minecraft:oak_sapling":3,"minecraft:glow_berries":14,"minecraft:mutton":7,"minecraft:coal":104,"minecraft:white_wool":4,"minecraft:cobblestone":431}},"DataVersion":3465}