{"stats":{"minecraft:used":{"minecraft:cooked_mutton":2,"minecraft:stone_sword":40,"minecraft:stone_pickaxe":366,"minecraft:wooden_pickaxe":31,"minecraft:torch":3,"minecraft:stone_axe":69,"minecraft:dirt":17,"minecraft:crafting_table":5,"minecraft:furnace":1,"minecraft:oak_boat":2},"minecraft:crafted":{"minecraft:oak_boat":1,"minecraft:oak_planks":40,"minecraft:cooked_porkchop":6,"minecraft:crafting_table":2,"minecraft:stick":20,"minecraft:wooden_pickaxe":1,"minecraft:stone_pickaxe":3,"minecraft:stone_sword":1,"minecraft:furnace":1,"minecraft:torch":40,"minecraft:stone_axe":1,"minecraft:air":0,"minecraft:cooked_mutton":7,"minecraft:jungle_planks":68},"minecraft:custom":{"minecraft:time_since_rest":24236,"minecraft:interact_with_furnace":4,"minecraft:sprint_one_cm":17760,"minecraft:damage_taken":130,"minecraft:walk_one_cm":34980,"minecraft:mob_kills":10,"minecraft:damage_dealt":1473,"minecraft:swim_one_cm":5072,"minecraft:interact_with_crafting_table":7,"minecraft:fly_one_cm":21682,"minecraft:crouch_one_cm":25334,"minecraft:play_time":24236,"minecraft:sneak_time":10114,"minecraft:walk_under_water_one_cm":409,"minecraft:boat_one_cm":57474,"minecraft:jump":224,"minecraft:time_since_death":24236,"minecraft:walk_on_water_one_cm":1659,"minecraft:climb_one_cm":917,"minecraft:total_world_time":24236,"minecraft:fall_one_cm":2359},"minecraft:mined":{"minecraft:furnace":1,"minecraft:clay":19,"minecraft:crafting_table":3,"minecraft:granite":37,"minecraft:grass":5,"minecraft:oak_log":10,"minecraft:grass_block":6,"minecraft:coal_ore":61,"minecraft:melon":3,"minecraft:cocoa":2,"minecraft:vine":8,"minecraft:jungle_log":17,"minecraft:gravel":6,"minecraft:dirt":31,"minecraft:brown_mushroom_block":29,"minecraft:copper_ore":6,"minecraft:diorite":5,"minecraft:stone":268,"minecraft:sugar_cane":4,"minecraft:oak_leaves":1,"minecraft:fern":3},"minecraft:killed":{"minecraft:sheep":4,"minecraft:zombie":3,"minecraft:pig":2,"minecraft:zombie_villager":1},"minecraft:broken":{"minecraft:stone_pickaxe":2},"minecraft:picked_up":{"minecraft:cocoa_beans":6,"minecraft:stick":1,"minecraft:crafting_table":3,"minecraft:clay_ball":76,"minecraft:jungle_log":17,"minecraft:brown_mushroom":11,"minecraft:gravel":6,"minecraft:porkchop":6,"minecraft:oak_log":10,"minecraft:diorite":5,"minecraft:carrot":1,"minecraft:dirt":37,"minecraft:raw_copper":21,"minecraft:rotten_flesh":2,"minecraft:wheat_seeds":1,"minecraft:granite":37,"minecraft:oak_boat":2,"minecraft:oak_sapling":3,"minecraft:melon_slice":14,"minecraft:sugar_cane":5,"minecraft:mutton":7,"minecraft:white_wool":4,"minecraft:coal":61,"minecraft:cobblestone":267,"minecraft:furnace":1}},"DataVersion":3465}