{"stats":{"minecraft:used":{"minecraft:cooked_mutton":7,"minecraft:water_bucket":16,"minecraft:stone_sword":40,"minecraft:iron_shovel":15,"minecraft:stone_pickaxe":485,"minecraft:shield":7,"minecraft:wooden_pickaxe":31,"minecraft:iron_sword":128,"minecraft:torch":88,"minecraft:glow_berries":1,"minecraft:dirt":40,"minecraft:crafting_table":11,"minecraft:axolotl_bucket":3,"minecraft:diamond_pickaxe":136,"minecraft:iron_pickaxe":293,"minecraft:iron_helmet":1,"minecraft:iron_boots":1,"minecraft:stone_axe":91,"minecraft:cobblestone":46,"minecraft:furnace":3,"minecraft:cooked_porkchop":3,"minecraft:bucket":21,"minecraft:oak_boat":2,"minecraft:cobbled_deepslate":16,"minecraft:iron_leggings":1},"minecraft:crafted":{"minecraft:oak_planks":40,"minecraft:cooked_porkchop":6,"minecraft:crafting_table":3,"minecraft:wooden_pickaxe":1,"minecraft:iron_helmet":1,"minecraft:iron_sword":1,"minecraft:furnace":1,"minecraft:bucket":2,"minecraft:stone_axe":1,"minecraft:cooked_mutton":7,"minecraft:air":0,"minecraft:jungle_planks":68,"minecraft:oak_boat":1,"minecraft:iron_chestplate":1,"minecraft:iron_boots":1,"minecraft:diamond_pickaxe":1,"minecraft:shield":1,"minecraft:stick":48,"minecraft:iron_ingot":42,"minecraft:iron_pickaxe":2,"minecraft:stone_pickaxe":4,"minecraft:stone_sword":1,"minecraft:iron_shovel":1,"minecraft:iron_leggings":1,"minecraft:torch":84},"minecraft:custom":{"minecraft:interact_with_furnace":25,"minecraft:mob_kills":61,"minecraft:interact_with_crafting_table":28,"minecraft:time_since_death":72236,"minecraft:climb_one_cm":1241,"minecraft:time_since_rest":72236,"minecraft:sprint_one_cm":78717,"minecraft:damage_taken":700,"minecraft:walk_one_cm":177998,"minecraft:damage_blocked_by_shield":150,"minecraft:drop":30,"minecraft:damage_dealt":7512,"minecraft:swim_one_cm":5649,"minecraft:fly_one_cm":83431,"minecraft:open_chest":2,"minecraft:crouch_one_cm":52754,"minecraft:play_time":72236,"minecraft:sneak_time":20470,"minecraft:walk_under_water_one_cm":1416,"minecraft:boat_one_cm":57474,"minecraft:jump":902,"minecraft:walk_on_water_one_cm":23351,"minecraft:total_world_time":72236,"minecraft:fall_one_cm":16743},"minecraft:mined":{"minecraft:tuff":2,"minecraft:mossy_cobblestone":33,"minecraft:deepslate_diamond_ore":3,"minecraft:clay":45,"minecraft:crafting_table":8,"minecraft:torch":2,"minecraft:cave_vines_plant":11,"minecraft:granite":38,"minecraft:grass_block":6,"minecraft:melon":3,"minecraft:chest":1,"minecraft:jungle_log":17,"minecraft:brown_mushroom_block":29,"minecraft:copper_ore":6,"minecraft:cobblestone":61,"minecraft:deepslate_gold_ore":25,"minecraft:moss_block":21,"minecraft:sugar_cane":4,"minecraft:diorite":5,"minecraft:wall_torch":8,"minecraft:furnace":2,"minecraft:cobbled_deepslate":9,"minecraft:iron_ore":25,"minecraft:grass":5,"minecraft:coal_ore":61,"minecraft:oak_log":10,"minecraft:deepslate_iron_ore":24,"minecraft:cave_vines":20,"minecraft:vine":8,"minecraft:cocoa":2,"minecraft:gravel":17,"minecraft:dirt":34,"minecraft:stone":326,"minecraft:oak_leaves":1,"minecraft:deepslate":285,"minecraft:fern":3},"minecraft:dropped":{"minecraft:gravel":9,"minecraft:iron_ingot":1,"minecraft:moss_block":19,"minecraft:brown_mushroom":11,"minecraft:wheat_seeds":3,"minecraft:stone_sword":1,"minecraft:cobbled_deepslate":4,"minecraft:mossy_cobblestone":8,"minecraft:rotten_flesh":2,"minecraft:cobblestone":266,"minecraft:granite":76,"minecraft:flint":1,"minecraft:diorite":5,"minecraft:spider_eye":2,"minecraft:wooden_pickaxe":1,"minecraft:stone_pickaxe":1,"minecraft:iron_pickaxe":2},"minecraft:killed":{"minecraft:pig":2,"minecraft:zombie_villager":1,"minecraft:spider":18,"minecraft:bat":1,"minecraft:slime":17,"minecraft:creeper":1,"minecraft:skeleton":3,"minecraft:sheep":4,"minecraft:zombie":10,"minecraft:enderman":1},"minecraft:broken":{"minecraft:stone_pickaxe":3},"minecraft:picked_up":{"minecraft:cocoa_beans":6,"minecraft:crafting_table":8,"minecraft:clay_ball":152,"minecraft:jungle_log":17,"minecraft:brown_mushroom":11,"minecraft:flint":1,"minecraft:oak_log":10,"minecraft:string":20,"minecraft:dirt":40,"minecraft:raw_copper":21,"minecraft:wheat_seeds":3,"minecraft:cobbled_deepslate":71,"minecraft:raw_gold":24,"minecraft:oak_boat":2,"minecraft:iron_pickaxe":1,"minecraft:moss_block":20,"minecraft:sugar_cane":5,"minecraft:melon_slice":14,"minecraft:furnace":2,"minecraft:stick":1,"minecraft:raw_iron":50,"minecraft:torch":15,"minecraft:gravel":10,"minecraft:porkchop":6,"minecraft:diorite":5,"minecraft:carrot":1,"minecraft:mossy_cobblestone":8,"minecraft:spider_eye":2,"minecraft:rotten_flesh":2,"minecraft:slime_ball":18,"minecraft:diamond":3,"minecraft:granite":76,"minecraft:oak_sapling":3,"minecraft:glow_berries":14,"minecraft:mutton":7,"minecraft:coal":104,"minecraft:white_wool":4,"minecraft:cobblestone":461,"minecraft:ender_pearl":1}},"DataVersion":3465}