{"stats":{"minecraft:used":{"minecraft:stone_sword":40,"minecraft:iron_shovel":41,"minecraft:ladder":22,"minecraft:shield":68,"minecraft:iron_sword":252,"minecraft:rotten_flesh":2,"minecraft:torch":101,"minecraft:dirt":40,"minecraft:jungle_slab":7,"minecraft:axolotl_bucket":3,"minecraft:iron_helmet":1,"minecraft:iron_boots":1,"minecraft:furnace":3,"minecraft:cobbled_deepslate":189,"minecraft:iron_leggings":1,"minecraft:cooked_mutton":7,"minecraft:water_bucket":43,"minecraft:stone_pickaxe":485,"minecraft:wooden_pickaxe":31,"minecraft:glow_berries":30,"minecraft:crafting_table":13,"minecraft:spider_eye":6,"minecraft:diamond_pickaxe":719,"minecraft:melon_slice":14,"minecraft:iron_pickaxe":293,"minecraft:stone_axe":112,"minecraft:diamond_sword":244,"minecraft:cobblestone":160,"minecraft:cooked_porkchop":6,"minecraft:bucket":48,"minecraft:oak_boat":2},"minecraft:crafted":{"minecraft:oak_planks":40,"minecraft:furnace":1,"minecraft:bone_meal":42,"minecraft:cooked_mutton":7,"minecraft:iron_boots":1,"minecraft:ladder":21,"minecraft:stone_pickaxe":4,"minecraft:diamond_sword":1,"minecraft:cooked_porkchop":6,"minecraft:crafting_table":4,"minecraft:wooden_pickaxe":1,"minecraft:iron_helmet":1,"minecraft:iron_sword":1,"minecraft:bucket":2,"minecraft:stone_axe":1,"minecraft:jungle_slab":12,"minecraft:air":0,"minecraft:jungle_planks":68,"minecraft:oak_boat":1,"minecraft:iron_chestplate":1,"minecraft:diamond_pickaxe":1,"minecraft:shield":1,"minecraft:stick":96,"minecraft:iron_ingot":42,"minecraft:iron_pickaxe":2,"minecraft:stone_sword":1,"minecraft:iron_shovel":1,"minecraft:iron_leggings":1,"minecraft:torch":84},"minecraft:custom":{"minecraft:mob_kills":186,"minecraft:interact_with_crafting_table":35,"minecraft:leave_game":1,"minecraft:time_since_death":157668,"minecraft:climb_one_cm":9112,"minecraft:sprint_one_cm":132501,"minecraft:walk_one_cm":358866,"minecraft:damage_blocked_by_shield":1490,"minecraft:drop":40,"minecraft:play_time":157668,"minecraft:sneak_time":43506,"minecraft:walk_under_water_one_cm":17347,"minecraft:boat_one_cm":57474,"minecraft:jump":1518,"minecraft:walk_on_water_one_cm":40365,"minecraft:total_world_time":157668,"minecraft:interact_with_furnace":25,"minecraft:time_since_rest":157668,"minecraft:damage_taken":1779,"minecraft:damage_dealt":25441,"minecraft:swim_one_cm":10386,"minecraft:fly_one_cm":137156,"minecraft:open_chest":2,"minecraft:crouch_one_cm":117612,"minecraft:fall_one_cm":27087},"minecraft:mined":{"minecraft:tuff":11,"minecraft:mossy_cobblestone":33,"minecraft:deepslate_diamond_ore":6,"minecraft:jungle_slab":7,"minecraft:granite":38,"minecraft:cave_vines_plant":26,"minecraft:ladder":4,"minecraft:grass_block":6,"minecraft:jungle_log":17,"minecraft:brown_mushroom_block":29,"minecraft:moss_block":22,"minecraft:spore_blossom":1,"minecraft:furnace":2,"minecraft:iron_ore":25,"minecraft:cobbled_deepslate":96,"minecraft:cave_vines":68,"minecraft:deepslate_iron_ore":31,"minecraft:vine":8,"minecraft:azalea":3,"minecraft:stone":326,"minecraft:flowering_azalea":2,"minecraft:clay":62,"minecraft:crafting_table":10,"minecraft:torch":3,"minecraft:melon":3,"minecraft:chest":1,"minecraft:tall_grass":5,"minecraft:copper_ore":6,"minecraft:cobblestone":105,"minecraft:deepslate_gold_ore":30,"minecraft:sugar_cane":4,"minecraft:diorite":5,"minecraft:wall_torch":12,"minecraft:grass":9,"minecraft:oak_log":10,"minecraft:coal_ore":61,"minecraft:cocoa":2,"minecraft:dirt":34,"minecraft:gravel":28,"minecraft:small_dripleaf":1,"minecraft:oak_leaves":1,"minecraft:deepslate":706,"minecraft:fern":3},"minecraft:dropped":{"minecraft:iron_ingot":1,"minecraft:moss_block":19,"minecraft:brown_mushroom":11,"minecraft:wheat_seeds":3,"minecraft:mossy_cobblestone":8,"minecraft:cobblestone":300,"minecraft:granite":76,"minecraft:flint":1,"minecraft:jungle_slab":12,"minecraft:diorite":5,"minecraft:iron_pickaxe":2,"minecraft:gravel":9,"minecraft:stone_sword":1,"minecraft:cobbled_deepslate":5,"minecraft:tuff":1,"minecraft:rotten_flesh":2,"minecraft:clay_ball":4,"minecraft:spider_eye":10,"minecraft:arrow":3,"minecraft:stone_pickaxe":1,"minecraft:wooden_pickaxe":1},"minecraft:killed":{"minecraft:spider":110,"minecraft:slime":17,"minecraft:skeleton":9,"minecraft:pig":2,"minecraft:zombie_villager":1,"minecraft:bat":1,"minecraft:creeper":2,"minecraft:sheep":4,"minecraft:zombie":19,"minecraft:enderman":1},"minecraft:broken":{"minecraft:stone_pickaxe":3,"minecraft:iron_sword":1},"minecraft:picked_up":{"minecraft:cocoa_beans":6,"minecraft:crafting_table":10,"minecraft:ladder":1,"minecraft:clay_ball":156,"minecraft:brown_mushroom":11,"minecraft:string":64,"minecraft:raw_copper":21,"minecraft:cobbled_deepslate":196,"minecraft:oak_boat":2,"minecraft:iron_pickaxe":1,"minecraft:melon_slice":14,"minecraft:sugar_cane":5,"minecraft:furnace":2,"minecraft:raw_iron":57,"minecraft:stick":1,"minecraft:torch":17,"minecraft:porkchop":6,"minecraft:diorite":5,"minecraft:carrot":1,"minecraft:rotten_flesh":4,"minecraft:arrow":7,"minecraft:glow_berries":42,"minecraft:mutton":7,"minecraft:white_wool":4,"minecraft:cobblestone":483,"minecraft:jungle_log":17,"minecraft:flint":1,"minecraft:tuff":1,"minecraft:oak_log":10,"minecraft:gunpowder":2,"minecraft:dirt":40,"minecraft:bone":5,"minecraft:wheat_seeds":3,"minecraft:raw_gold":29,"minecraft:spore_blossom":1,"minecraft:moss_block":20,"minecraft:gravel":10,"minecraft:jungle_slab":7,"minecraft:spider_eye":16,"minecraft:mossy_cobblestone":8,"minecraft:slime_ball":18,"minecraft:diamond":5,"minecraft:granite":76,"minecraft:oak_sapling":3,"minecraft:coal":104,"minecraft:ender_pearl":1}},"DataVersion":3465}