{"stats":{"minecraft:used":{"minecraft:cooked_mutton":3,"minecraft:water_bucket":2,"minecraft:stone_sword":40,"minecraft:stone_pickaxe":485,"minecraft:wooden_pickaxe":31,"minecraft:iron_sword":1,"minecraft:torch":9,"minecraft:dirt":40,"minecraft:crafting_table":6,"minecraft:axolotl_bucket":2,"minecraft:iron_helmet":1,"minecraft:iron_boots":1,"minecraft:stone_axe":76,"minecraft:cobblestone":16,"minecraft:furnace":2,"minecraft:bucket":5,"minecraft:oak_boat":2,"minecraft:iron_leggings":1},"minecraft:crafted":{"minecraft:oak_planks":40,"minecraft:cooked_porkchop":6,"minecraft:crafting_table":3,"minecraft:wooden_pickaxe":1,"minecraft:iron_helmet":1,"minecraft:iron_sword":1,"minecraft:furnace":1,"minecraft:bucket":1,"minecraft:stone_axe":1,"minecraft:cooked_mutton":7,"minecraft:air":0,"minecraft:jungle_planks":68,"minecraft:oak_boat":1,"minecraft:iron_chestplate":1,"minecraft:iron_boots":1,"minecraft:stick":28,"minecraft:iron_ingot":38,"minecraft:iron_pickaxe":1,"minecraft:stone_pickaxe":4,"minecraft:stone_sword":1,"minecraft:iron_leggings":1,"minecraft:torch":40},"minecraft:custom":{"minecraft:interact_with_furnace":22,"minecraft:mob_kills":10,"minecraft:interact_with_crafting_table":20,"minecraft:time_since_death":36236,"minecraft:climb_one_cm":1147,"minecraft:time_since_rest":36236,"minecraft:sprint_one_cm":30214,"minecraft:damage_taken":150,"minecraft:walk_one_cm":59484,"minecraft:drop":10,"minecraft:damage_dealt":1473,"minecraft:swim_one_cm":5072,"minecraft:fly_one_cm":33912,"minecraft:crouch_one_cm":33767,"minecraft:play_time":36236,"minecraft:sneak_time":13922,"minecraft:walk_under_water_one_cm":409,"minecraft:boat_one_cm":57474,"minecraft:jump":391,"minecraft:walk_on_water_one_cm":5439,"minecraft:total_world_time":36236,"minecraft:fall_one_cm":5496},"minecraft:mined":{"minecraft:clay":23,"minecraft:crafting_table":3,"minecraft:cave_vines_plant":5,"minecraft:granite":38,"minecraft:grass_block":6,"minecraft:melon":3,"minecraft:jungle_log":17,"minecraft:brown_mushroom_block":29,"minecraft:copper_ore":6,"minecraft:cobblestone":1,"minecraft:moss_block":19,"minecraft:sugar_cane":4,"minecraft:diorite":5,"minecraft:furnace":1,"minecraft:iron_ore":25,"minecraft:grass":5,"minecraft:coal_ore":61,"minecraft:oak_log":10,"minecraft:deepslate_iron_ore":16,"minecraft:cave_vines":6,"minecraft:vine":8,"minecraft:cocoa":2,"minecraft:gravel":10,"minecraft:dirt":34,"minecraft:stone":325,"minecraft:oak_leaves":1,"minecraft:deepslate":4,"minecraft:fern":3},"minecraft:dropped":{"minecraft:gravel":9,"minecraft:moss_block":3,"minecraft:wheat_seeds":3,"minecraft:cobbled_deepslate":4,"minecraft:cobblestone":106,"minecraft:granite":76},"minecraft:killed":{"minecraft:pig":2,"minecraft:zombie_villager":1,"minecraft:sheep":4,"minecraft:zombie":3},"minecraft:broken":{"minecraft:stone_pickaxe":3},"minecraft:picked_up":{"minecraft:cocoa_beans":6,"minecraft:crafting_table":3,"minecraft:clay_ball":84,"minecraft:jungle_log":17,"minecraft:brown_mushroom":11,"minecraft:flint":1,"minecraft:oak_log":10,"minecraft:dirt":40,"minecraft:raw_copper":21,"minecraft:wheat_seeds":3,"minecraft:cobbled_deepslate":4,"minecraft:oak_boat":2,"minecraft:moss_block":3,"minecraft:sugar_cane":5,"minecraft:melon_slice":14,"minecraft:furnace":1,"minecraft:stick":1,"minecraft:raw_iron":41,"minecraft:gravel":9,"minecraft:porkchop":6,"minecraft:diorite":5,"minecraft:carrot":1,"minecraft:rotten_flesh":2,"minecraft:granite":76,"minecraft:oak_sapling":3,"minecraft:glow_berries":7,"minecraft:mutton":7,"minecraft:coal":61,"minecraft:white_wool":4,"minecraft:cobblestone":431}},"DataVersion":3465}