{"stats":{"minecraft:custom":{"minecraft:time_since_rest":13363,"minecraft:open_chest":4,"minecraft:play_time":27196,"minecraft:sprint_one_cm":59369,"minecraft:walk_one_cm":7715,"minecraft:damage_taken":295,"minecraft:deaths":1,"minecraft:drop":5,"minecraft:jump":385,"minecraft:time_since_death":13201,"minecraft:total_world_time":27196,"minecraft:climb_one_cm":1116,"minecraft:fly_one_cm":89025,"minecraft:fall_one_cm":13015},"minecraft:killed_by":{"minecraft:spider":1},"minecraft:used":{"minecraft:bread":2,"minecraft:iron_helmet":1,"minecraft:egg":1},"minecraft:picked_up":{"minecraft:wheat_seeds":7,"minecraft:white_bed":1,"minecraft:melon_slice":10,"minecraft:egg":1},"minecraft:mined":{"minecraft:grass":124,"minecraft:grass_block":1,"minecraft:melon":2,"minecraft:white_bed":1,"minecraft:tall_grass":5,"minecraft:fern":5},"minecraft:dropped":{"minecraft:wheat_seeds":7}},"DataVersion":3463}