{"stats":{"minecraft:custom":{"minecraft:open_chest":5,"minecraft:time_since_rest":1279,"minecraft:play_time":58902,"minecraft:crouch_one_cm":1118,"minecraft:sprint_one_cm":141786,"minecraft:damage_taken":846,"minecraft:walk_one_cm":20371,"minecraft:deaths":1,"minecraft:sneak_time":394,"minecraft:walk_under_water_one_cm":3716,"minecraft:drop":5,"minecraft:jump":1111,"minecraft:damage_dealt":10,"minecraft:leave_game":2,"minecraft:time_since_death":44907,"minecraft:walk_on_water_one_cm":6895,"minecraft:sleep_in_bed":1,"minecraft:total_world_time":58902,"minecraft:climb_one_cm":1116,"minecraft:swim_one_cm":63122,"minecraft:fly_one_cm":252362,"minecraft:fall_one_cm":42265},"minecraft:killed_by":{"minecraft:spider":1},"minecraft:used":{"minecraft:apple":1,"minecraft:bread":13,"minecraft:white_bed":1,"minecraft:iron_helmet":1,"minecraft:egg":1},"minecraft:picked_up":{"minecraft:kelp":13,"minecraft:wheat_seeds":17,"minecraft:white_bed":1,"minecraft:melon_slice":10,"minecraft:egg":1},"minecraft:mined":{"minecraft:seagrass":14,"minecraft:grass":211,"minecraft:tall_seagrass":6,"minecraft:grass_block":1,"minecraft:melon":2,"minecraft:white_bed":1,"minecraft:kelp_plant":9,"minecraft:tall_grass":6,"minecraft:oak_leaves":2,"minecraft:fern":7},"minecraft:dropped":{"minecraft:wheat_seeds":7}},"DataVersion":3463}