{"stats":{"minecraft:custom":{"minecraft:time_since_rest":25363,"minecraft:open_chest":4,"minecraft:crouch_one_cm":543,"minecraft:play_time":39196,"minecraft:sprint_one_cm":76433,"minecraft:walk_one_cm":10576,"minecraft:damage_taken":485,"minecraft:deaths":1,"minecraft:sneak_time":177,"minecraft:drop":5,"minecraft:jump":541,"minecraft:walk_on_water_one_cm":50,"minecraft:time_since_death":25201,"minecraft:total_world_time":39196,"minecraft:climb_one_cm":1116,"minecraft:fly_one_cm":116369,"minecraft:fall_one_cm":22045},"minecraft:killed_by":{"minecraft:spider":1},"minecraft:used":{"minecraft:bread":6,"minecraft:iron_helmet":1,"minecraft:egg":1},"minecraft:picked_up":{"minecraft:wheat_seeds":8,"minecraft:white_bed":1,"minecraft:melon_slice":10,"minecraft:egg":1},"minecraft:mined":{"minecraft:grass":127,"minecraft:grass_block":1,"minecraft:melon":2,"minecraft:white_bed":1,"minecraft:tall_grass":5,"minecraft:oak_leaves":2,"minecraft:fern":5},"minecraft:dropped":{"minecraft:wheat_seeds":7}},"DataVersion":3463}