{"stats":{"minecraft:custom":{"minecraft:time_since_rest":42364,"minecraft:open_chest":5,"minecraft:crouch_one_cm":1118,"minecraft:play_time":56197,"minecraft:sprint_one_cm":131197,"minecraft:walk_one_cm":18901,"minecraft:damage_taken":762,"minecraft:deaths":1,"minecraft:sneak_time":394,"minecraft:walk_under_water_one_cm":3716,"minecraft:drop":5,"minecraft:jump":1051,"minecraft:damage_dealt":10,"minecraft:leave_game":1,"minecraft:walk_on_water_one_cm":6895,"minecraft:time_since_death":42202,"minecraft:total_world_time":56197,"minecraft:climb_one_cm":1116,"minecraft:swim_one_cm":63122,"minecraft:fly_one_cm":241592,"minecraft:fall_one_cm":39669},"minecraft:killed_by":{"minecraft:spider":1},"minecraft:used":{"minecraft:bread":13,"minecraft:iron_helmet":1,"minecraft:egg":1},"minecraft:picked_up":{"minecraft:kelp":13,"minecraft:wheat_seeds":17,"minecraft:white_bed":1,"minecraft:melon_slice":10,"minecraft:egg":1},"minecraft:mined":{"minecraft:seagrass":14,"minecraft:grass":211,"minecraft:tall_seagrass":6,"minecraft:grass_block":1,"minecraft:melon":2,"minecraft:white_bed":1,"minecraft:kelp_plant":9,"minecraft:tall_grass":6,"minecraft:oak_leaves":2,"minecraft:fern":7},"minecraft:dropped":{"minecraft:wheat_seeds":7}},"DataVersion":3463}