{"stats":{"minecraft:custom":{"minecraft:jump":178,"minecraft:time_since_rest":1363,"minecraft:deaths":1,"minecraft:sprint_one_cm":20021,"minecraft:play_time":15196,"minecraft:damage_taken":230,"minecraft:time_since_death":1201,"minecraft:walk_one_cm":2826,"minecraft:climb_one_cm":350,"minecraft:total_world_time":15196,"minecraft:drop":2,"minecraft:fall_one_cm":7138,"minecraft:fly_one_cm":40879},"minecraft:killed_by":{"minecraft:spider":1},"minecraft:picked_up":{"minecraft:melon_slice":10,"minecraft:wheat_seeds":4},"minecraft:mined":{"minecraft:grass":43,"minecraft:melon":2,"minecraft:fern":5},"minecraft:dropped":{"minecraft:wheat_seeds":4}},"DataVersion":3463}