{"stats":{"minecraft:custom":{"minecraft:jump":174,"minecraft:time_since_rest":3196,"minecraft:sprint_one_cm":19423,"minecraft:play_time":3196,"minecraft:damage_taken":50,"minecraft:time_since_death":3196,"minecraft:walk_one_cm":1178,"minecraft:climb_one_cm":350,"minecraft:total_world_time":3196,"minecraft:drop":2,"minecraft:fall_one_cm":6929,"minecraft:fly_one_cm":40401},"minecraft:picked_up":{"minecraft:wheat_seeds":4},"minecraft:mined":{"minecraft:grass":42,"minecraft:fern":4},"minecraft:dropped":{"minecraft:wheat_seeds":4}},"DataVersion":3463}