{
  "minecraft:recipes/decorations/crafting_table": {
    "criteria": {
      "unlock_right_away": "2024-08-01 14:02:47 +0000"
    },
    "done": true
  },
  "minecraft:adventure/adventuring_time": {
    "criteria": {
      "minecraft:savanna_plateau": "2024-08-01 14:03:48 +0000",
      "minecraft:sparse_jungle": "2024-08-01 14:04:29 +0000",
      "minecraft:savanna": "2024-08-01 14:02:48 +0000",
      "minecraft:plains": "2024-08-01 14:04:10 +0000"
    },
    "done": false
  },
  "DataVersion": 3463
}